-- MySQL Administrator dump 1.4
--
-- ------------------------------------------------------
-- Server version	5.0.95-Max


/*!40101 SET @OLD_CHARACTER_SET_CLIENT=@@CHARACTER_SET_CLIENT */;
/*!40101 SET @OLD_CHARACTER_SET_RESULTS=@@CHARACTER_SET_RESULTS */;
/*!40101 SET @OLD_COLLATION_CONNECTION=@@COLLATION_CONNECTION */;
/*!40101 SET NAMES utf8 */;

/*!40014 SET @OLD_UNIQUE_CHECKS=@@UNIQUE_CHECKS, UNIQUE_CHECKS=0 */;
/*!40014 SET @OLD_FOREIGN_KEY_CHECKS=@@FOREIGN_KEY_CHECKS, FOREIGN_KEY_CHECKS=0 */;
/*!40101 SET @OLD_SQL_MODE=@@SQL_MODE, SQL_MODE='NO_AUTO_VALUE_ON_ZERO' */;


--
-- Create schema HRIS
--

CREATE DATABASE IF NOT EXISTS HRIS;
USE HRIS;

--
-- Temporary table structure for view `v_employee_search`
--
DROP TABLE IF EXISTS `v_employee_search`;
DROP VIEW IF EXISTS `v_employee_search`;
CREATE TABLE `v_employee_search` (
  `EMPLOYEE_ID` varchar(8),
  `EPF_NO` varchar(5),
  `TITLE` varchar(5),
  `KNOWN_NAME` varchar(80),
  `EMP_NIC` varchar(10),
  `EMPLOYEE_STATUS` varchar(8),
  `DESCRIPTION` varchar(45),
  `COMPANY_ID` varchar(4),
  `COMP_NAME` varchar(50),
  `DEPT_ID` varchar(7),
  `DEPT_NAME` varchar(100),
  `DIVISION_ID` varchar(9),
  `DIV_NAME` varchar(100),
  `BRANCH_ID` varchar(7),
  `BRANCH_NAME` varchar(45),
  `COST_CENTER` varchar(10),
  `PROFIT_CENTER` varchar(10)
);

--
-- Definition of table `ATTENDANCE`
--

DROP TABLE IF EXISTS `ATTENDANCE`;
CREATE TABLE `ATTENDANCE` (
  `EMPLOYEE_ID` varchar(8) NOT NULL,
  `ATT_DATE` date NOT NULL,
  `ATT_TIME` time NOT NULL,
  `DIRECTION` varchar(1) default NULL,
  `COMPANY_ID` varchar(4) NOT NULL,
  `BRANCH_ID` varchar(12) NOT NULL,
  `REASON_CODE` varchar(1) NOT NULL,
  `ATT_DATE_TIME` datetime default NULL,
  PRIMARY KEY  (`EMPLOYEE_ID`,`ATT_DATE`,`ATT_TIME`),
  KEY `Index_ATT_DATE_EMP_ID` (`ATT_DATE`,`EMPLOYEE_ID`)
) ENGINE=MyISAM DEFAULT CHARSET=utf8;

--
-- Dumping data for table `ATTENDANCE`
--

/*!40000 ALTER TABLE `ATTENDANCE` DISABLE KEYS */;
/*!40000 ALTER TABLE `ATTENDANCE` ENABLE KEYS */;


--
-- Definition of table `ATTENDANCE_SUMMARY`
--

DROP TABLE IF EXISTS `ATTENDANCE_SUMMARY`;
CREATE TABLE `ATTENDANCE_SUMMARY` (
  `IN_DATE` date default NULL,
  `IN_TIME` varchar(8) default NULL,
  `OUT_DATE` date default NULL,
  `OUT_TIME` varchar(8) default NULL,
  `LATE_MINUTES` double(10,2) default NULL,
  `EARLY_MINUTES` double(10,2) default NULL,
  `OT_HOURS` varchar(5) default NULL,
  `REMARK` varchar(45) default NULL,
  `ADDED_BY` varchar(8) default NULL,
  `ADDED_DATE` datetime default NULL,
  `MODIFIED_BY` varchar(8) default NULL,
  `MODIFIED_DATE` timestamp NOT NULL default CURRENT_TIMESTAMP on update CURRENT_TIMESTAMP,
  `NUMBER_OF_DAYS` varchar(5) default NULL,
  `EMPLOYEE_ID` varchar(8) default NULL,
  `IN_LOCATION` varchar(45) default NULL,
  `OUT_LOCATION` varchar(45) default NULL,
  `COMPANY_ID` varchar(10) default NULL,
  KEY `Index_1` (`EMPLOYEE_ID`)
) ENGINE=InnoDB DEFAULT CHARSET=utf8 ROW_FORMAT=DYNAMIC;

--
-- Dumping data for table `ATTENDANCE_SUMMARY`
--

/*!40000 ALTER TABLE `ATTENDANCE_SUMMARY` DISABLE KEYS */;
/*!40000 ALTER TABLE `ATTENDANCE_SUMMARY` ENABLE KEYS */;


--
-- Definition of table `BANK`
--

DROP TABLE IF EXISTS `BANK`;
CREATE TABLE `BANK` (
  `BANK_ID` varchar(8) NOT NULL,
  `BANK_NAME` varchar(100) default NULL,
  PRIMARY KEY  (`BANK_ID`)
) ENGINE=InnoDB DEFAULT CHARSET=utf8;

--
-- Dumping data for table `BANK`
--

/*!40000 ALTER TABLE `BANK` DISABLE KEYS */;
/*!40000 ALTER TABLE `BANK` ENABLE KEYS */;


--
-- Definition of table `BANK_BRANCH`
--

DROP TABLE IF EXISTS `BANK_BRANCH`;
CREATE TABLE `BANK_BRANCH` (
  `BRANCH_ID` varchar(8) NOT NULL,
  `BANK_ID` varchar(8) NOT NULL,
  `BRANCH_NAME` varchar(45) default NULL,
  `ADDRESS` varchar(150) default NULL,
  `LAND_PHONE1` varchar(10) default NULL,
  `LAND_PHONE2` varchar(10) default NULL,
  PRIMARY KEY  (`BRANCH_ID`,`BANK_ID`),
  KEY `fk_BANK_BRANCH_BANK1_idx` (`BANK_ID`),
  CONSTRAINT `fk_BANK_BRANCH_BANK1` FOREIGN KEY (`BANK_ID`) REFERENCES `BANK` (`BANK_ID`) ON DELETE NO ACTION ON UPDATE NO ACTION
) ENGINE=InnoDB DEFAULT CHARSET=utf8;

--
-- Dumping data for table `BANK_BRANCH`
--

/*!40000 ALTER TABLE `BANK_BRANCH` DISABLE KEYS */;
/*!40000 ALTER TABLE `BANK_BRANCH` ENABLE KEYS */;


--
-- Definition of table `CALENDAR_DATETYPE`
--

DROP TABLE IF EXISTS `CALENDAR_DATETYPE`;
CREATE TABLE `CALENDAR_DATETYPE` (
  `IDNO` int(10) unsigned NOT NULL auto_increment,
  `DATE_TYPE` varchar(1) default NULL,
  `DESCRIPTION` varchar(45) default NULL,
  `CALCOLOR` varchar(8) default NULL,
  PRIMARY KEY  (`IDNO`),
  KEY `Key_DATE_TYPE` (`DATE_TYPE`)
) ENGINE=InnoDB AUTO_INCREMENT=12 DEFAULT CHARSET=utf8;

--
-- Dumping data for table `CALENDAR_DATETYPE`
--

/*!40000 ALTER TABLE `CALENDAR_DATETYPE` DISABLE KEYS */;
INSERT INTO `CALENDAR_DATETYPE` (`IDNO`,`DATE_TYPE`,`DESCRIPTION`,`CALCOLOR`) VALUES 
 (1,'W','Working Day','FFFFCC'),
 (2,'H','Public Holiday','339933'),
 (3,'M','Mercantile Holiday','FF3300'),
 (4,'B','Bank Holiday','66FF33'),
 (5,'P','Poya','FFFF66'),
 (6,'O','Other Holiday','0099FF');
/*!40000 ALTER TABLE `CALENDAR_DATETYPE` ENABLE KEYS */;


--
-- Definition of table `COMPANY`
--

DROP TABLE IF EXISTS `COMPANY`;
CREATE TABLE `COMPANY` (
  `COMPANY_ID` varchar(4) NOT NULL,
  `COMP_NAME` varchar(50) NOT NULL,
  `COMP_ADDRESS_LINE1` varchar(45) default NULL,
  `COMP_ADDRESS_LINE2` varchar(45) default NULL,
  `COMP_ADDRESS_LINE3` varchar(45) default NULL,
  `COMP_ADDRESS_LINE4` varchar(45) default NULL,
  `LAND_PHONE1` varchar(10) default NULL,
  `LAND_PHONE2` varchar(10) default NULL,
  `EMAIL_ADDRESS` varchar(50) default NULL,
  `VISION` varchar(200) default NULL,
  `MISSION` varchar(200) default NULL,
  `STATUS_CODE` varchar(1) default NULL,
  `FAX_NUMBER` varchar(10) default NULL,
  `WORK_HOURS_START` varchar(5) default NULL,
  `WORK_HOURS_END` varchar(5) default NULL,
  `COMP_SAP_ID` varchar(5) default NULL,
  `EMPLOYER_EPF` varchar(20) default NULL,
  `ADDED_BY` varchar(8) default NULL,
  `ADDED_DATE` datetime default NULL,
  `MODIFIED_BY` varchar(8) default NULL,
  `MODIFIED_DATE` timestamp NOT NULL default CURRENT_TIMESTAMP on update CURRENT_TIMESTAMP,
  `COMPANY_MOTTO` varchar(250) default NULL,
  `BUSINESS_TYPE` varchar(100) default NULL,
  PRIMARY KEY  (`COMPANY_ID`)
) ENGINE=InnoDB DEFAULT CHARSET=utf8;

--
-- Dumping data for table `COMPANY`
--

/*!40000 ALTER TABLE `COMPANY` DISABLE KEYS */;
/*!40000 ALTER TABLE `COMPANY` ENABLE KEYS */;


--
-- Definition of table `COMPANY_BRANCH`
--

DROP TABLE IF EXISTS `COMPANY_BRANCH`;
CREATE TABLE `COMPANY_BRANCH` (
  `BRANCH_ID` varchar(7) NOT NULL,
  `COMPANY_ID` varchar(4) NOT NULL,
  `BRANCH_NAME` varchar(45) default NULL,
  `LAND_PHONE1` varchar(10) default NULL,
  `LAND_PHONE2` varchar(10) default NULL,
  `FAX_NUMBER` varchar(10) default NULL,
  `BRANCH_ADDRESS_LINE1` varchar(45) default NULL,
  `STATUS_CODE` varchar(1) default NULL,
  `BRANCH_ADDRESS_LINE2` varchar(45) default NULL,
  `BRANCH_ADDRESS_LINE3` varchar(45) default NULL,
  `BRANCH_ADDRESS_LINE4` varchar(45) default NULL,
  `CONTACT_PERSON` varchar(45) default NULL,
  PRIMARY KEY  (`BRANCH_ID`),
  KEY `fk_COMPANY_BRANCH_Company1_idx` (`COMPANY_ID`),
  CONSTRAINT `fk_COMPANY_BRANCH_Company1` FOREIGN KEY (`COMPANY_ID`) REFERENCES `COMPANY` (`COMPANY_ID`) ON DELETE NO ACTION ON UPDATE NO ACTION
) ENGINE=InnoDB DEFAULT CHARSET=utf8;

--
-- Dumping data for table `COMPANY_BRANCH`
--

/*!40000 ALTER TABLE `COMPANY_BRANCH` DISABLE KEYS */;
/*!40000 ALTER TABLE `COMPANY_BRANCH` ENABLE KEYS */;


--
-- Definition of table `COMPANY_BRANCH_MANAGER`
--

DROP TABLE IF EXISTS `COMPANY_BRANCH_MANAGER`;
CREATE TABLE `COMPANY_BRANCH_MANAGER` (
  `LINE_NO` int(11) NOT NULL auto_increment,
  `BRANCH_ID` varchar(7) NOT NULL,
  `EMPLOYEE_ID` varchar(8) NOT NULL,
  `DATE_START` date default NULL,
  `DATE_END` date default NULL,
  `REMARKS` varchar(45) default NULL,
  `STATUS_CODE` varchar(1) default NULL,
  `ADDED_BY` varchar(8) default NULL,
  `ADDED_DATE` datetime default NULL,
  `MODIFIED_BY` varchar(8) default NULL,
  `MODIFIED_DATE` timestamp NOT NULL default CURRENT_TIMESTAMP on update CURRENT_TIMESTAMP,
  PRIMARY KEY  (`LINE_NO`,`BRANCH_ID`,`EMPLOYEE_ID`),
  KEY `fk_COMPANY_BRANCH_MANAGER_Employee1_idx` (`EMPLOYEE_ID`),
  KEY `BRANCH_ID_fk_idx` (`BRANCH_ID`),
  CONSTRAINT `branch` FOREIGN KEY (`BRANCH_ID`) REFERENCES `COMPANY_BRANCH` (`BRANCH_ID`) ON DELETE NO ACTION ON UPDATE NO ACTION,
  CONSTRAINT `empid` FOREIGN KEY (`EMPLOYEE_ID`) REFERENCES `EMPLOYEE` (`EMPLOYEE_ID`) ON DELETE NO ACTION ON UPDATE NO ACTION
) ENGINE=InnoDB DEFAULT CHARSET=utf8;

--
-- Dumping data for table `COMPANY_BRANCH_MANAGER`
--

/*!40000 ALTER TABLE `COMPANY_BRANCH_MANAGER` DISABLE KEYS */;
/*!40000 ALTER TABLE `COMPANY_BRANCH_MANAGER` ENABLE KEYS */;


--
-- Definition of table `COMPANY_CALENDAR`
--

DROP TABLE IF EXISTS `COMPANY_CALENDAR`;
CREATE TABLE `COMPANY_CALENDAR` (
  `IDNO` int(10) unsigned NOT NULL auto_increment,
  `COMPANY_ID` varchar(4) default NULL,
  `CALENDAR_DATE` date default NULL,
  `DATE_TYPE` varchar(1) default NULL,
  `DATE_STATUS` varchar(2) default NULL,
  `ETIME` timestamp NOT NULL default CURRENT_TIMESTAMP on update CURRENT_TIMESTAMP,
  `REMARK` varchar(100) default NULL,
  PRIMARY KEY  (`IDNO`),
  KEY `KeyCOMPANY_ID` USING BTREE (`COMPANY_ID`),
  KEY `KeyCOMPANY_ID_CALDATE` USING BTREE (`COMPANY_ID`,`CALENDAR_DATE`)
) ENGINE=InnoDB DEFAULT CHARSET=utf8;

--
-- Dumping data for table `COMPANY_CALENDAR`
--

/*!40000 ALTER TABLE `COMPANY_CALENDAR` DISABLE KEYS */;
/*!40000 ALTER TABLE `COMPANY_CALENDAR` ENABLE KEYS */;


--
-- Definition of table `COMPANY_LOCATION`
--

DROP TABLE IF EXISTS `COMPANY_LOCATION`;
CREATE TABLE `COMPANY_LOCATION` (
  `LOCATION_ID` varchar(8) NOT NULL,
  `LOCATION_NAME` varchar(45) default NULL,
  `LOCATION_ADDRESS` varchar(150) default NULL,
  `PHONE_NUMBER` varchar(10) default NULL,
  `REMARKS` varchar(150) default NULL,
  `COMPANY_ID` varchar(4) default NULL,
  PRIMARY KEY  (`LOCATION_ID`),
  KEY `Company_id_FK_idx` (`COMPANY_ID`)
) ENGINE=MyISAM DEFAULT CHARSET=utf8;

--
-- Dumping data for table `COMPANY_LOCATION`
--

/*!40000 ALTER TABLE `COMPANY_LOCATION` DISABLE KEYS */;
/*!40000 ALTER TABLE `COMPANY_LOCATION` ENABLE KEYS */;


--
-- Definition of table `DEPARTMENT`
--

DROP TABLE IF EXISTS `DEPARTMENT`;
CREATE TABLE `DEPARTMENT` (
  `DEPT_ID` varchar(7) NOT NULL,
  `COMPANY_ID` varchar(4) NOT NULL,
  `DEPT_NAME` varchar(100) default NULL,
  `LAND_PHONE` varchar(10) default NULL,
  `STATUS_CODE` varchar(1) default NULL,
  `DESCRIPTION` varchar(50) default NULL,
  PRIMARY KEY  (`DEPT_ID`),
  KEY `fk_Department_Company1_idx` (`COMPANY_ID`)
) ENGINE=InnoDB DEFAULT CHARSET=utf8;

--
-- Dumping data for table `DEPARTMENT`
--

/*!40000 ALTER TABLE `DEPARTMENT` DISABLE KEYS */;
/*!40000 ALTER TABLE `DEPARTMENT` ENABLE KEYS */;


--
-- Definition of table `DEPARTMENT_HEAD`
--

DROP TABLE IF EXISTS `DEPARTMENT_HEAD`;
CREATE TABLE `DEPARTMENT_HEAD` (
  `LINE_NO` int(11) NOT NULL auto_increment,
  `DEPT_ID` varchar(7) NOT NULL,
  `EMPLOYEE_ID` varchar(8) NOT NULL,
  `DATE_START` date default NULL,
  `DATE_END` date default NULL,
  `REMARKS` varchar(45) default NULL,
  `STATUS_CODE` varchar(1) default NULL,
  `ADDED_BY` varchar(8) default NULL,
  `ADDED_DATE` datetime default NULL,
  `MODIFIED_BY` varchar(8) default NULL,
  `MODIFIED_DATE` timestamp NOT NULL default CURRENT_TIMESTAMP on update CURRENT_TIMESTAMP,
  PRIMARY KEY  (`LINE_NO`,`DEPT_ID`,`EMPLOYEE_ID`),
  KEY `Department_DEPT_ID_f_idx` (`DEPT_ID`),
  KEY `EMPLOYEE_ID_fk_idx` (`EMPLOYEE_ID`),
  CONSTRAINT `Department_DEPT_ID_f` FOREIGN KEY (`DEPT_ID`) REFERENCES `DEPARTMENT` (`DEPT_ID`) ON DELETE NO ACTION ON UPDATE NO ACTION,
  CONSTRAINT `EMPLOYEE_ID_fk` FOREIGN KEY (`EMPLOYEE_ID`) REFERENCES `EMPLOYEE` (`EMPLOYEE_ID`) ON DELETE NO ACTION ON UPDATE NO ACTION
) ENGINE=InnoDB DEFAULT CHARSET=utf8;

--
-- Dumping data for table `DEPARTMENT_HEAD`
--

/*!40000 ALTER TABLE `DEPARTMENT_HEAD` DISABLE KEYS */;
/*!40000 ALTER TABLE `DEPARTMENT_HEAD` ENABLE KEYS */;


--
-- Definition of table `DEPENDANTS`
--

DROP TABLE IF EXISTS `DEPENDANTS`;
CREATE TABLE `DEPENDANTS` (
  `EMPLOYEE_ID` varchar(8) NOT NULL,
  `DEPENDANT_ID` varchar(8) NOT NULL,
  `FIRST_NAME` varchar(45) default NULL,
  `FULL_NAME` varchar(100) default NULL,
  `RELATIONSHIP_TO_EMPLOYEE` varchar(45) default NULL,
  `AGE` varchar(9) default NULL,
  `OCCUPATION` varchar(45) default NULL,
  `PLACE_OF_WORK` varchar(100) default NULL,
  `CONTACT_NUMBER` varchar(10) default NULL,
  `IS_NEXT_OF_KIN` varchar(1) default NULL,
  `ADDED_BY` varchar(8) default NULL,
  `ADDED_DATE` datetime default NULL,
  `MODIFIED_BY` varchar(8) default NULL,
  `MODIFIED_DATE` timestamp NULL default NULL,
  `IS_SAME_GROUP` varchar(1) default NULL,
  `COMPANY_CODE` varchar(7) default NULL,
  PRIMARY KEY  (`EMPLOYEE_ID`,`DEPENDANT_ID`),
  KEY `fk_DEPENDANTS_Employee1_idx` (`EMPLOYEE_ID`),
  CONSTRAINT `fk_DEPENDANTS_Employee1` FOREIGN KEY (`EMPLOYEE_ID`) REFERENCES `EMPLOYEE` (`EMPLOYEE_ID`) ON DELETE NO ACTION ON UPDATE NO ACTION
) ENGINE=InnoDB DEFAULT CHARSET=utf8;

--
-- Dumping data for table `DEPENDANTS`
--

/*!40000 ALTER TABLE `DEPENDANTS` DISABLE KEYS */;
/*!40000 ALTER TABLE `DEPENDANTS` ENABLE KEYS */;


--
-- Definition of table `DIVISION`
--

DROP TABLE IF EXISTS `DIVISION`;
CREATE TABLE `DIVISION` (
  `DIVISION_ID` varchar(9) NOT NULL,
  `DEPT_ID` varchar(7) NOT NULL,
  `DIV_NAME` varchar(100) default NULL,
  `DESCRIPTION` varchar(45) default NULL,
  `LAND_PHONE` varchar(10) default NULL,
  `STATUS_CODE` varchar(50) default NULL,
  `COST_CENTER_CODE` varchar(10) default NULL,
  `PROFIT_CENTER_CODE` varchar(10) default NULL,
  PRIMARY KEY  (`DIVISION_ID`),
  KEY `fk_Division_Department1_idx` (`DEPT_ID`),
  CONSTRAINT `fk_Division_Department1` FOREIGN KEY (`DEPT_ID`) REFERENCES `DEPARTMENT` (`DEPT_ID`) ON DELETE NO ACTION ON UPDATE NO ACTION
) ENGINE=InnoDB DEFAULT CHARSET=utf8;

--
-- Dumping data for table `DIVISION`
--

/*!40000 ALTER TABLE `DIVISION` DISABLE KEYS */;
/*!40000 ALTER TABLE `DIVISION` ENABLE KEYS */;


--
-- Definition of table `DIVISION_HEAD`
--

DROP TABLE IF EXISTS `DIVISION_HEAD`;
CREATE TABLE `DIVISION_HEAD` (
  `LINE_NO` int(11) NOT NULL auto_increment,
  `DIVISION_ID` varchar(9) NOT NULL,
  `EMPLOYEE_ID` varchar(8) NOT NULL,
  `DATE_START` date default NULL,
  `DATE_END` date default NULL,
  `REMARKS` varchar(45) default NULL,
  `STATUS_CODE` varchar(1) default NULL,
  `ADDED_BY` varchar(8) default NULL,
  `ADDED_DATE` datetime default NULL,
  `MODIFIED_BY` varchar(8) default NULL,
  `MODIFIED_DATE` timestamp NOT NULL default CURRENT_TIMESTAMP on update CURRENT_TIMESTAMP,
  PRIMARY KEY  (`LINE_NO`,`DIVISION_ID`,`EMPLOYEE_ID`),
  KEY `fk_DIVISION_HEAD_Division1_idx` (`DIVISION_ID`),
  KEY `fk_DIVISION_HEAD_Employee1_idx` (`EMPLOYEE_ID`),
  CONSTRAINT `fk_DIVISION_HEAD_Division1` FOREIGN KEY (`DIVISION_ID`) REFERENCES `DIVISION` (`DIVISION_ID`) ON DELETE NO ACTION ON UPDATE NO ACTION,
  CONSTRAINT `fk_DIVISION_HEAD_Employee1` FOREIGN KEY (`EMPLOYEE_ID`) REFERENCES `EMPLOYEE` (`EMPLOYEE_ID`) ON DELETE NO ACTION ON UPDATE NO ACTION
) ENGINE=InnoDB DEFAULT CHARSET=utf8;

--
-- Dumping data for table `DIVISION_HEAD`
--

/*!40000 ALTER TABLE `DIVISION_HEAD` DISABLE KEYS */;
/*!40000 ALTER TABLE `DIVISION_HEAD` ENABLE KEYS */;


--
-- Definition of table `EMPLOYEE`
--

DROP TABLE IF EXISTS `EMPLOYEE`;
CREATE TABLE `EMPLOYEE` (
  `EMPLOYEE_ID` varchar(8) NOT NULL,
  `COMPANY_ID` varchar(4) NOT NULL,
  `DEPT_ID` varchar(7) NOT NULL,
  `DIVISION_ID` varchar(9) NOT NULL,
  `EMPLOYEE_STATUS` varchar(8) default NULL,
  `EMP_TYPE_ID` varchar(10) NOT NULL,
  `ROLE_ID` varchar(10) NOT NULL,
  `TITLE` varchar(5) default NULL,
  `EMP_INITIALS` varchar(100) default NULL,
  `FIRST_NAME` varchar(45) default NULL,
  `MIDDLE_NAMES` varchar(50) default NULL,
  `LAST_NAME` varchar(45) default NULL,
  `FULL_NAME` varchar(200) default NULL,
  `GENDER` varchar(1) default NULL,
  `EMP_NIC` varchar(10) default NULL,
  `PASSPORT_NUMBER` varchar(20) default NULL,
  `DOB` date default NULL,
  `DOJ` date default NULL,
  `MARITAL_STATUS` varchar(15) default NULL,
  `NAIONALITY` varchar(45) default NULL,
  `RELIGION` varchar(45) default NULL,
  `EMAIL` varchar(50) default NULL,
  `EPF_NO` varchar(5) default NULL,
  `ETF_NO` varchar(5) default NULL,
  `PERMANENT_ADDRESS` varchar(100) default NULL,
  `CURRENT_ADDRESS` varchar(100) default NULL,
  `LAND_PHONE` varchar(10) default NULL,
  `MOBILE_PHONE_PERSONAL` varchar(10) default NULL,
  `MOBILE_PHONE_COMPANY` varchar(10) default NULL,
  `FUEL_CARD_NUMBER` varchar(12) default NULL,
  `REPORT_TO_1` varchar(8) default NULL,
  `REPORT_TO_2` varchar(8) default NULL,
  `REPORT_TO_3` varchar(8) default NULL,
  `CITY` varchar(45) default NULL,
  `DISTANCE_TO_OFFICE` decimal(5,2) default NULL,
  `REMARKS` varchar(500) default NULL,
  `ADDED_BY` varchar(8) default NULL,
  `ADDED_DATE` datetime default NULL,
  `MODIFIED_BY` varchar(8) default NULL,
  `MODIFIED_DATE` timestamp NOT NULL default CURRENT_TIMESTAMP on update CURRENT_TIMESTAMP,
  `STATUS_CODE` varchar(1) default NULL,
  `COST_CENTER` varchar(10) default NULL,
  `PROFIT_CENTER` varchar(10) default NULL,
  `IS_WELFARE` varchar(1) default NULL,
  `ATT_REG_NO` varchar(10) default NULL,
  `RESIGNED_DATE` datetime default NULL,
  `BRANCH_ID` varchar(7) default NULL,
  `LOCATION_ID` varchar(8) default NULL,
  `DESIGNATION_ID` varchar(8) default NULL,
  `INITIALS_NAME` varchar(100) default NULL,
  `KNOWN_NAME` varchar(80) default NULL,
  `MOD_CAT_ID` varchar(6) default NULL,
  `PROBATION_CONTRACT_ENDDATE` date default NULL,
  PRIMARY KEY  (`EMPLOYEE_ID`),
  KEY `fk_Employee_Department1_idx` (`DEPT_ID`),
  KEY `fk_Employee_Division1_idx` (`DIVISION_ID`),
  KEY `fk_Employee_EMPLOYEE_TYPE1_idx` (`EMP_TYPE_ID`),
  KEY `fk_Employee_EMPLOYEE_ROLE1_idx` (`ROLE_ID`),
  KEY `fk_Employee_Company1_idx` (`COMPANY_ID`),
  KEY `fk_Employee_Status_idx` (`EMPLOYEE_STATUS`),
  KEY `fk_Mod_Cat_ID_idx` (`MOD_CAT_ID`),
  CONSTRAINT `fk_Employee_Company1` FOREIGN KEY (`COMPANY_ID`) REFERENCES `COMPANY` (`COMPANY_ID`) ON DELETE NO ACTION ON UPDATE NO ACTION,
  CONSTRAINT `fk_Employee_Department1` FOREIGN KEY (`DEPT_ID`) REFERENCES `DEPARTMENT` (`DEPT_ID`) ON DELETE NO ACTION ON UPDATE NO ACTION,
  CONSTRAINT `fk_Employee_Division1` FOREIGN KEY (`DIVISION_ID`) REFERENCES `DIVISION` (`DIVISION_ID`) ON DELETE NO ACTION ON UPDATE NO ACTION,
  CONSTRAINT `fk_Employee_EMPLOYEE_ROLE1` FOREIGN KEY (`ROLE_ID`) REFERENCES `EMPLOYEE_ROLE` (`ROLE_ID`) ON DELETE NO ACTION ON UPDATE NO ACTION,
  CONSTRAINT `fk_Employee_EMPLOYEE_TYPE1` FOREIGN KEY (`EMP_TYPE_ID`) REFERENCES `EMPLOYEE_TYPE` (`EMP_TYPE_ID`) ON DELETE NO ACTION ON UPDATE NO ACTION,
  CONSTRAINT `fk_Employee_Status` FOREIGN KEY (`EMPLOYEE_STATUS`) REFERENCES `EMPLOYEE_STATUS` (`STATUS_CODE`) ON DELETE NO ACTION ON UPDATE NO ACTION
) ENGINE=InnoDB DEFAULT CHARSET=utf8;

--
-- Dumping data for table `EMPLOYEE`
--

/*!40000 ALTER TABLE `EMPLOYEE` DISABLE KEYS */;
/*!40000 ALTER TABLE `EMPLOYEE` ENABLE KEYS */;


--
-- Definition of trigger `triggerEmployeeLog`
--

DROP TRIGGER /*!50030 IF EXISTS */ `triggerEmployeeLog`;

DELIMITER $$

CREATE DEFINER = `root`@`%` TRIGGER `triggerEmployeeLog` AFTER UPDATE ON `EMPLOYEE` FOR EACH ROW BEGIN
INSERT INTO HRIS.EMPLOYEE_JOURNAL(EMPLOYEE_ID,COMPANY_ID,DEPT_ID,DIVISION_ID,EMPLOYEE_STATUS,EMP_TYPE_ID,ROLE_ID,TITLE,EMP_INITIALS,
								  FIRST_NAME,MIDDLE_NAMES,LAST_NAME,FULL_NAME,GENDER,EMP_NIC,PASSPORT_NUMBER,DOB,DOJ,
								  MARITAL_STATUS,NAIONALITY,RELIGION,EMAIL,EPF_NO,ETF_NO,PERMANENT_ADDRESS,CURRENT_ADDRESS,
								  LAND_PHONE,MOBILE_PHONE_PERSONAL,MOBILE_PHONE_COMPANY,FUEL_CARD_NUMBER,REPORT_TO_1,
								  REPORT_TO_2,REPORT_TO_3,CITY,DISTANCE_TO_OFFICE,REMARKS,ADDED_BY,
								  ADDED_DATE,MODIFIED_BY,MODIFIED_DATE,STATUS_CODE,TRIGGERED_DATE,
								  BRANCH_ID,LOCATION_ID,DESIGNATION_ID,INITIALS_NAME,
								  KNOWN_NAME,MOD_CAT_ID,PROBATION_CONTRACT_ENDDATE)
VALUES (OLD.EMPLOYEE_ID,OLD.COMPANY_ID,OLD.DEPT_ID,OLD.DIVISION_ID,OLD.EMPLOYEE_STATUS,OLD.EMP_TYPE_ID,OLD.ROLE_ID,OLD.TITLE,OLD.EMP_INITIALS,
		OLD.FIRST_NAME,OLD.MIDDLE_NAMES,OLD.LAST_NAME,OLD.FULL_NAME,OLD.GENDER,OLD.EMP_NIC,OLD.PASSPORT_NUMBER,OLD.DOB,OLD.DOJ,
		OLD.MARITAL_STATUS,OLD.NAIONALITY,OLD.RELIGION,OLD.EMAIL,OLD.EPF_NO,OLD.ETF_NO,OLD.PERMANENT_ADDRESS,OLD.CURRENT_ADDRESS,
		OLD.LAND_PHONE,OLD.MOBILE_PHONE_PERSONAL,OLD.MOBILE_PHONE_COMPANY,OLD.FUEL_CARD_NUMBER,OLD.REPORT_TO_1,
		OLD.REPORT_TO_2,OLD.REPORT_TO_3,OLD.CITY,OLD.DISTANCE_TO_OFFICE,OLD.REMARKS,OLD.ADDED_BY,
		OLD.ADDED_DATE,OLD.MODIFIED_BY,OLD.MODIFIED_DATE,OLD.STATUS_CODE,now(),
		OLD.BRANCH_ID,OLD.LOCATION_ID,OLD.DESIGNATION_ID,OLD.INITIALS_NAME,
		OLD.KNOWN_NAME,OLD.MOD_CAT_ID,OLD.PROBATION_CONTRACT_ENDDATE);
END $$

DELIMITER ;

--
-- Definition of table `EMPLOYEE_BANK_ACCOUNT`
--

DROP TABLE IF EXISTS `EMPLOYEE_BANK_ACCOUNT`;
CREATE TABLE `EMPLOYEE_BANK_ACCOUNT` (
  `EMPLOYEE_ID` varchar(8) NOT NULL,
  `BANK_ID` varchar(8) NOT NULL,
  `BRANCH_ID` varchar(8) NOT NULL,
  `BANK_ACCOUNT_NUMBER` varchar(30) NOT NULL,
  `STATUS_CODE` varchar(1) default NULL,
  `REMARKS` varchar(45) default NULL,
  `ADDED_BY` varchar(8) default NULL,
  `ADDED_DATE` datetime default NULL,
  `MODIFIED_BY` varchar(8) default NULL,
  `MODIFIED_DATE` timestamp NOT NULL default CURRENT_TIMESTAMP on update CURRENT_TIMESTAMP,
  PRIMARY KEY  (`EMPLOYEE_ID`,`BANK_ACCOUNT_NUMBER`),
  KEY `fk_EMPLOYEE_BANK_ACCOUNT_Employee1_idx` (`EMPLOYEE_ID`),
  KEY `fk_EMPLOYEE_BANK_ACCOUNT_BANK_BRANCH1_idx` (`BRANCH_ID`,`BANK_ID`),
  CONSTRAINT `fk_EMPLOYEE_BANK_ACCOUNT_BANK_BRANCH1` FOREIGN KEY (`BRANCH_ID`, `BANK_ID`) REFERENCES `BANK_BRANCH` (`BRANCH_ID`, `BANK_ID`) ON DELETE NO ACTION ON UPDATE NO ACTION,
  CONSTRAINT `fk_EMPLOYEE_BANK_ACCOUNT_Employee1` FOREIGN KEY (`EMPLOYEE_ID`) REFERENCES `EMPLOYEE` (`EMPLOYEE_ID`) ON DELETE NO ACTION ON UPDATE NO ACTION
) ENGINE=InnoDB DEFAULT CHARSET=utf8;

--
-- Dumping data for table `EMPLOYEE_BANK_ACCOUNT`
--

/*!40000 ALTER TABLE `EMPLOYEE_BANK_ACCOUNT` DISABLE KEYS */;
/*!40000 ALTER TABLE `EMPLOYEE_BANK_ACCOUNT` ENABLE KEYS */;


--
-- Definition of table `EMPLOYEE_DESIGNATION`
--

DROP TABLE IF EXISTS `EMPLOYEE_DESIGNATION`;
CREATE TABLE `EMPLOYEE_DESIGNATION` (
  `DESIGNATION_ID` varchar(8) NOT NULL,
  `DESIGNATION_NAME` varchar(110) default NULL,
  `REMARKS` varchar(50) default NULL,
  `STATUS_CODE` varchar(1) NOT NULL,
  `COMPANY_ID` varchar(4) NOT NULL,
  `ADDED_BY` varchar(8) default NULL,
  `ADDED_DATE` date default NULL,
  `MODIFIED_BY` varchar(8) default NULL,
  `MODIFIED_DATE` date default NULL,
  PRIMARY KEY  (`DESIGNATION_ID`),
  KEY `fk_EMPLOYEE_DESIGNATION_COMPANY1_idx` (`COMPANY_ID`),
  CONSTRAINT `fk_EMPLOYEE_DESIGNATION_COMPANY1` FOREIGN KEY (`COMPANY_ID`) REFERENCES `COMPANY` (`COMPANY_ID`) ON DELETE NO ACTION ON UPDATE NO ACTION
) ENGINE=InnoDB DEFAULT CHARSET=utf8;

--
-- Dumping data for table `EMPLOYEE_DESIGNATION`
--

/*!40000 ALTER TABLE `EMPLOYEE_DESIGNATION` DISABLE KEYS */;
/*!40000 ALTER TABLE `EMPLOYEE_DESIGNATION` ENABLE KEYS */;


--
-- Definition of table `EMPLOYEE_JOURNAL`
--

DROP TABLE IF EXISTS `EMPLOYEE_JOURNAL`;
CREATE TABLE `EMPLOYEE_JOURNAL` (
  `JOURNAL_ID` int(11) NOT NULL auto_increment,
  `EMPLOYEE_ID` varchar(8) default NULL,
  `COMPANY_ID` varchar(4) default NULL,
  `DEPT_ID` varchar(7) default NULL,
  `DIVISION_ID` varchar(9) default NULL,
  `EMPLOYEE_STATUS` varchar(8) default NULL,
  `EMP_TYPE_ID` varchar(10) default NULL,
  `ROLE_ID` varchar(10) default NULL,
  `TITLE` varchar(5) default NULL,
  `EMP_INITIALS` varchar(45) default NULL,
  `FIRST_NAME` varchar(45) default NULL,
  `MIDDLE_NAMES` varchar(50) default NULL,
  `LAST_NAME` varchar(45) default NULL,
  `FULL_NAME` varchar(200) default NULL,
  `GENDER` varchar(1) default NULL,
  `EMP_NIC` varchar(10) default NULL,
  `PASSPORT_NUMBER` varchar(20) default NULL,
  `DOB` date default NULL,
  `DOJ` date default NULL,
  `MARITAL_STATUS` varchar(15) default NULL,
  `NAIONALITY` varchar(45) default NULL,
  `RELIGION` varchar(45) default NULL,
  `EMAIL` varchar(50) default NULL,
  `EPF_NO` varchar(5) default NULL,
  `ETF_NO` varchar(5) default NULL,
  `PERMANENT_ADDRESS` varchar(100) default NULL,
  `CURRENT_ADDRESS` varchar(100) default NULL,
  `LAND_PHONE` varchar(10) default NULL,
  `MOBILE_PHONE_PERSONAL` varchar(10) default NULL,
  `MOBILE_PHONE_COMPANY` varchar(10) default NULL,
  `FUEL_CARD_NUMBER` varchar(12) default NULL,
  `REPORT_TO_1` varchar(8) default NULL,
  `REPORT_TO_2` varchar(8) default NULL,
  `REPORT_TO_3` varchar(8) default NULL,
  `CITY` varchar(45) default NULL,
  `DISTANCE_TO_OFFICE` decimal(5,2) default NULL,
  `REMARKS` varchar(100) default NULL,
  `ADDED_BY` varchar(8) default NULL,
  `ADDED_DATE` datetime default NULL,
  `MODIFIED_BY` varchar(8) default NULL,
  `MODIFIED_DATE` timestamp NOT NULL default CURRENT_TIMESTAMP on update CURRENT_TIMESTAMP,
  `STATUS_CODE` varchar(1) default NULL,
  `TRIGGERED_DATE` timestamp NOT NULL default '0000-00-00 00:00:00',
  `COST_CENTER` varchar(10) default NULL,
  `PROFIT_CENTER` varchar(10) default NULL,
  `IS_WELFARE` varchar(1) default NULL,
  `ATT_REG_NO` varchar(10) default NULL,
  `RESIGNED_DATE` datetime default NULL,
  `BRANCH_ID` varchar(7) default NULL,
  `LOCATION_ID` varchar(8) default NULL,
  `DESIGNATION_ID` varchar(8) default NULL,
  `INITIALS_NAME` varchar(100) default NULL,
  `KNOWN_NAME` varchar(80) default NULL,
  `MOD_CAT_ID` varchar(6) default NULL,
  `PROBATION_CONTRACT_ENDDATE` date default NULL,
  PRIMARY KEY  (`JOURNAL_ID`)
) ENGINE=InnoDB DEFAULT CHARSET=utf8;

--
-- Dumping data for table `EMPLOYEE_JOURNAL`
--

/*!40000 ALTER TABLE `EMPLOYEE_JOURNAL` DISABLE KEYS */;
/*!40000 ALTER TABLE `EMPLOYEE_JOURNAL` ENABLE KEYS */;


--
-- Definition of table `EMPLOYEE_LEAVE_SCHEDULE`
--

DROP TABLE IF EXISTS `EMPLOYEE_LEAVE_SCHEDULE`;
CREATE TABLE `EMPLOYEE_LEAVE_SCHEDULE` (
  `LEAVE_SHEET_ID` varchar(15) NOT NULL,
  `LEAVE_DATE` date NOT NULL,
  `EMPLOYEE_ID` varchar(8) NOT NULL,
  `LEAVE_TYPE_ID` varchar(15) NOT NULL,
  `SCHEME_LINE_NO` int(11) NOT NULL,
  `FROM_TIME` varchar(5) default NULL,
  `TO_TIME` varchar(5) default NULL,
  `COVERED_BY` varchar(8) default NULL,
  `APPROVED_BY` varchar(8) default NULL,
  `REMARKS` varchar(100) default NULL,
  `NO_OF_DAYS` decimal(5,2) default NULL,
  `IS_HALFDAY` varchar(1) NOT NULL,
  `LEAVE_STATUS` varchar(1) NOT NULL,
  `ADDED_DATE` datetime default NULL,
  `ADDED_BY` varchar(8) default NULL,
  `MODIFIED_DATE` datetime default NULL,
  `MODIFIED_BY` varchar(8) default NULL,
  `APPROVED_DATE` datetime default NULL,
  `RECOMMAND_BY` varchar(8) default NULL,
  `ROSTR_ID` varchar(10) default NULL,
  `ELS_LINE_NO` int(11) NOT NULL auto_increment,
  PRIMARY KEY  USING BTREE (`ELS_LINE_NO`,`LEAVE_SHEET_ID`,`LEAVE_DATE`),
  KEY `fk_EMPLOYEE_LEAVE_SCHEDULE_LEAVE_TYPE1_idx` (`LEAVE_TYPE_ID`),
  KEY `fk_EMPLOYEE_LEAVE_SCHEDULE_EMPLOYEE1_idx` (`EMPLOYEE_ID`),
  KEY `fk_EMPLOYEE_LEAVE_SCHEDULE_EMPLOYEE_LEAVE_SCHEME1_idx` (`SCHEME_LINE_NO`),
  KEY `fk_EMPLOYEE_LEAVE_SCHEDULE_LEAVE_SHEET_ID_idx` (`LEAVE_SHEET_ID`),
  KEY `indx_Emp_ID_LEAVE_Date` (`EMPLOYEE_ID`,`LEAVE_DATE`),
  CONSTRAINT `fk_EMPLOYEE_LEAVE_SCHEDULE_EMPLOYEE1` FOREIGN KEY (`EMPLOYEE_ID`) REFERENCES `EMPLOYEE` (`EMPLOYEE_ID`) ON DELETE NO ACTION ON UPDATE NO ACTION,
  CONSTRAINT `fk_EMPLOYEE_LEAVE_SCHEDULE_LEAVE_TYPE1` FOREIGN KEY (`LEAVE_TYPE_ID`) REFERENCES `LEAVE_TYPE` (`LEAVE_TYPE_ID`) ON DELETE NO ACTION ON UPDATE NO ACTION
) ENGINE=InnoDB DEFAULT CHARSET=utf8 ROW_FORMAT=DYNAMIC;

--
-- Dumping data for table `EMPLOYEE_LEAVE_SCHEDULE`
--

/*!40000 ALTER TABLE `EMPLOYEE_LEAVE_SCHEDULE` DISABLE KEYS */;
/*!40000 ALTER TABLE `EMPLOYEE_LEAVE_SCHEDULE` ENABLE KEYS */;


--
-- Definition of table `EMPLOYEE_LEAVE_SCHEME`
--

DROP TABLE IF EXISTS `EMPLOYEE_LEAVE_SCHEME`;
CREATE TABLE `EMPLOYEE_LEAVE_SCHEME` (
  `LINE_NO` int(11) NOT NULL auto_increment,
  `EMPLOYEE_ID` varchar(8) NOT NULL,
  `LEAVE_SCHEME_ID` varchar(15) NOT NULL,
  `STATUS_CODE` varchar(1) default NULL,
  `REMARKS` varchar(100) default NULL,
  PRIMARY KEY  (`LINE_NO`),
  KEY `employeefk_idx` (`EMPLOYEE_ID`),
  KEY `lschemefk_idx` (`LEAVE_SCHEME_ID`),
  CONSTRAINT `employeefk` FOREIGN KEY (`EMPLOYEE_ID`) REFERENCES `EMPLOYEE` (`EMPLOYEE_ID`) ON DELETE NO ACTION ON UPDATE NO ACTION,
  CONSTRAINT `lschemefk` FOREIGN KEY (`LEAVE_SCHEME_ID`) REFERENCES `LEAVE_SCHEME` (`LEAVE_SCHEME_ID`) ON DELETE NO ACTION ON UPDATE NO ACTION
) ENGINE=InnoDB DEFAULT CHARSET=utf8;

--
-- Dumping data for table `EMPLOYEE_LEAVE_SCHEME`
--

/*!40000 ALTER TABLE `EMPLOYEE_LEAVE_SCHEME` DISABLE KEYS */;
/*!40000 ALTER TABLE `EMPLOYEE_LEAVE_SCHEME` ENABLE KEYS */;


--
-- Definition of table `EMPLOYEE_MODIFICATION_CATEGORY`
--

DROP TABLE IF EXISTS `EMPLOYEE_MODIFICATION_CATEGORY`;
CREATE TABLE `EMPLOYEE_MODIFICATION_CATEGORY` (
  `MOD_CAT_ID` varchar(6) NOT NULL,
  `DESCRIPTION` varchar(45) default NULL
) ENGINE=MyISAM DEFAULT CHARSET=utf8;

--
-- Dumping data for table `EMPLOYEE_MODIFICATION_CATEGORY`
--

/*!40000 ALTER TABLE `EMPLOYEE_MODIFICATION_CATEGORY` DISABLE KEYS */;
INSERT INTO `EMPLOYEE_MODIFICATION_CATEGORY` (`MOD_CAT_ID`,`DESCRIPTION`) VALUES 
 ('MC0001','Data Correction'),
 ('MC0002','Status Change'),
 ('MC0003','Type Change'),
 ('MC0004','Role Change'),
 ('MC0005','Designation Change');
/*!40000 ALTER TABLE `EMPLOYEE_MODIFICATION_CATEGORY` ENABLE KEYS */;


--
-- Definition of table `EMPLOYEE_PHOTO`
--

DROP TABLE IF EXISTS `EMPLOYEE_PHOTO`;
CREATE TABLE `EMPLOYEE_PHOTO` (
  `idno` int(10) unsigned NOT NULL auto_increment,
  `EMPLOYEE_ID` varchar(8) NOT NULL,
  `IMAGEPATH` varchar(300) NOT NULL,
  `IMAGENAME` varchar(100) NOT NULL,
  `IMAGES_STATUS` varchar(1) NOT NULL default '1',
  `IMAGEWIDTH` varchar(3) NOT NULL default '100',
  `IMAGEHEIGHT` varchar(3) NOT NULL default '100',
  PRIMARY KEY  (`idno`),
  KEY `Indx_Image` USING BTREE (`EMPLOYEE_ID`,`IMAGES_STATUS`)
) ENGINE=InnoDB DEFAULT CHARSET=utf8;

--
-- Dumping data for table `EMPLOYEE_PHOTO`
--

/*!40000 ALTER TABLE `EMPLOYEE_PHOTO` DISABLE KEYS */;
/*!40000 ALTER TABLE `EMPLOYEE_PHOTO` ENABLE KEYS */;


--
-- Definition of table `EMPLOYEE_PROFILE`
--

DROP TABLE IF EXISTS `EMPLOYEE_PROFILE`;
CREATE TABLE `EMPLOYEE_PROFILE` (
  `idno` int(10) unsigned NOT NULL auto_increment,
  `EMPLOYEE_ID` varchar(8) NOT NULL,
  `IMAGEPATH` varchar(300) NOT NULL,
  `IMAGENAME` varchar(100) NOT NULL,
  `IMAGES_STATUS` varchar(1) NOT NULL default '1',
  `MENU_FONT_COLOR` varchar(7) NOT NULL,
  `MENU_FONT_SIZE` varchar(3) NOT NULL default '12',
  `MENU_FONT_BLOD` varchar(1) NOT NULL default 'Y',
  `MENU_FONT_ITALIC` varchar(1) NOT NULL default 'Y',
  PRIMARY KEY  (`idno`),
  KEY `Index_2` (`EMPLOYEE_ID`,`IMAGES_STATUS`)
) ENGINE=MyISAM DEFAULT CHARSET=utf8;

--
-- Dumping data for table `EMPLOYEE_PROFILE`
--

/*!40000 ALTER TABLE `EMPLOYEE_PROFILE` DISABLE KEYS */;
/*!40000 ALTER TABLE `EMPLOYEE_PROFILE` ENABLE KEYS */;


--
-- Definition of table `EMPLOYEE_ROLE`
--

DROP TABLE IF EXISTS `EMPLOYEE_ROLE`;
CREATE TABLE `EMPLOYEE_ROLE` (
  `ROLE_ID` varchar(10) NOT NULL,
  `ROLE_NAME` varchar(45) default NULL,
  `DESCRIPTION` varchar(45) default NULL,
  PRIMARY KEY  (`ROLE_ID`)
) ENGINE=InnoDB DEFAULT CHARSET=utf8;

--
-- Dumping data for table `EMPLOYEE_ROLE`
--

/*!40000 ALTER TABLE `EMPLOYEE_ROLE` DISABLE KEYS */;
/*!40000 ALTER TABLE `EMPLOYEE_ROLE` ENABLE KEYS */;


--
-- Definition of table `EMPLOYEE_ROSTER_DATE`
--

DROP TABLE IF EXISTS `EMPLOYEE_ROSTER_DATE`;
CREATE TABLE `EMPLOYEE_ROSTER_DATE` (
  `ROSTR_ID` varchar(10) NOT NULL,
  `EMPLOYEE_ID` varchar(8) NOT NULL,
  `DUTY_DATE` date NOT NULL,
  `STATUS_CODE` varchar(1) NOT NULL,
  `IS_OFF_DAY` varchar(1) default NULL,
  `IS_SUMMARIZED` varchar(1) default NULL,
  `INTERCHANGE_NUMBER` varchar(8) default NULL,
  `DUTY_COVERED_BY` varchar(8) default NULL,
  `REASON` varchar(100) default NULL,
  `ADDED_BY` varchar(8) default NULL,
  `ADDED_DATE` datetime default NULL,
  `MODIFIED_BY` varchar(8) default NULL,
  `MODIFIED_DATE` datetime default NULL,
  PRIMARY KEY  (`ROSTR_ID`,`EMPLOYEE_ID`,`DUTY_DATE`,`STATUS_CODE`),
  KEY `fk_EMPLOYEE_ROSTER_DATE_ROSTER1_idx` (`ROSTR_ID`),
  KEY `fk_EMPLOYEE_ROSTER_DATE_EMPLOYEE1_idx` (`EMPLOYEE_ID`),
  CONSTRAINT `fk_EMPLOYEE_ROSTER_DATE_EMPLOYEE1` FOREIGN KEY (`EMPLOYEE_ID`) REFERENCES `EMPLOYEE` (`EMPLOYEE_ID`) ON DELETE NO ACTION ON UPDATE NO ACTION,
  CONSTRAINT `fk_EMPLOYEE_ROSTER_DATE_ROSTER1` FOREIGN KEY (`ROSTR_ID`) REFERENCES `ROSTER` (`ROSTR_ID`) ON DELETE NO ACTION ON UPDATE NO ACTION
) ENGINE=InnoDB DEFAULT CHARSET=utf8;

--
-- Dumping data for table `EMPLOYEE_ROSTER_DATE`
--

/*!40000 ALTER TABLE `EMPLOYEE_ROSTER_DATE` DISABLE KEYS */;
/*!40000 ALTER TABLE `EMPLOYEE_ROSTER_DATE` ENABLE KEYS */;


--
-- Definition of table `EMPLOYEE_SECONDMENTS`
--

DROP TABLE IF EXISTS `EMPLOYEE_SECONDMENTS`;
CREATE TABLE `EMPLOYEE_SECONDMENTS` (
  `LINE_NO` int(11) NOT NULL auto_increment,
  `EMPLOYEE_ID` varchar(8) NOT NULL,
  `COMPANY_ID` varchar(4) NOT NULL,
  `DEPT_ID` varchar(7) NOT NULL,
  `DIVISION_ID` varchar(9) NOT NULL,
  `FROM_DATE` date default NULL,
  `END_DATE` date default NULL,
  `REMARKS` varchar(45) default NULL,
  `STATUS_CODE` varchar(1) default NULL,
  `ADDED_BY` varchar(8) default NULL,
  `ADDED_DATE` datetime default NULL,
  `MODIFIED_BY` varchar(8) default NULL,
  `MODIFIED_DATE` datetime default NULL,
  PRIMARY KEY  (`LINE_NO`),
  KEY `fk_EMPLOYEE_SECONDMENTS_Employee1_idx` (`EMPLOYEE_ID`),
  KEY `fk_EMPLOYEE_SECONDMENTS_Company1_idx` (`COMPANY_ID`),
  KEY `fk_EMPLOYEE_SECONDMENTS_Department1_idx` (`DEPT_ID`),
  KEY `fk_EMPLOYEE_SECONDMENTS_Division1_idx` (`DIVISION_ID`),
  CONSTRAINT `fk_EMPLOYEE_SECONDMENTS_Company1` FOREIGN KEY (`COMPANY_ID`) REFERENCES `COMPANY` (`COMPANY_ID`) ON DELETE NO ACTION ON UPDATE NO ACTION,
  CONSTRAINT `fk_EMPLOYEE_SECONDMENTS_Department1` FOREIGN KEY (`DEPT_ID`) REFERENCES `DEPARTMENT` (`DEPT_ID`) ON DELETE NO ACTION ON UPDATE NO ACTION,
  CONSTRAINT `fk_EMPLOYEE_SECONDMENTS_Division1` FOREIGN KEY (`DIVISION_ID`) REFERENCES `DIVISION` (`DIVISION_ID`) ON DELETE NO ACTION ON UPDATE NO ACTION,
  CONSTRAINT `fk_EMPLOYEE_SECONDMENTS_Employee1` FOREIGN KEY (`EMPLOYEE_ID`) REFERENCES `EMPLOYEE` (`EMPLOYEE_ID`) ON DELETE NO ACTION ON UPDATE NO ACTION
) ENGINE=InnoDB DEFAULT CHARSET=utf8;

--
-- Dumping data for table `EMPLOYEE_SECONDMENTS`
--

/*!40000 ALTER TABLE `EMPLOYEE_SECONDMENTS` DISABLE KEYS */;
/*!40000 ALTER TABLE `EMPLOYEE_SECONDMENTS` ENABLE KEYS */;


--
-- Definition of table `EMPLOYEE_STATUS`
--

DROP TABLE IF EXISTS `EMPLOYEE_STATUS`;
CREATE TABLE `EMPLOYEE_STATUS` (
  `STATUS_CODE` varchar(8) NOT NULL,
  `DESCRIPTION` varchar(45) default NULL,
  PRIMARY KEY  (`STATUS_CODE`)
) ENGINE=InnoDB DEFAULT CHARSET=utf8;

--
-- Dumping data for table `EMPLOYEE_STATUS`
--

/*!40000 ALTER TABLE `EMPLOYEE_STATUS` DISABLE KEYS */;
INSERT INTO `EMPLOYEE_STATUS` (`STATUS_CODE`,`DESCRIPTION`) VALUES 
 ('S001','ACTIVE'),
 ('S002','INACTIVE'),
 ('S003','RESIGNED'),
 ('S004','SUSPEND'),
 ('S005','TERMINATED');
/*!40000 ALTER TABLE `EMPLOYEE_STATUS` ENABLE KEYS */;


--
-- Definition of table `EMPLOYEE_STATUS_HISTORY`
--

DROP TABLE IF EXISTS `EMPLOYEE_STATUS_HISTORY`;
CREATE TABLE `EMPLOYEE_STATUS_HISTORY` (
  `LINE_NO` int(11) NOT NULL auto_increment,
  `STATUS_CODE` varchar(1) NOT NULL,
  `EMPLOYEE_ID` varchar(8) NOT NULL,
  `DATE_OF_CHANGED` datetime default NULL,
  `REMARKS` varchar(100) default NULL,
  `ADDED_BY` varchar(8) default NULL,
  `ADDED_DATE` date default NULL,
  `MODIFIED_BY` varchar(8) default NULL,
  `MODIFIED_DATE` date default NULL,
  PRIMARY KEY  (`LINE_NO`,`STATUS_CODE`,`EMPLOYEE_ID`),
  KEY `fk_EMPLOYEE_STATUS_HISTORY_EMPLOYEE_STATUS1_idx` (`STATUS_CODE`),
  KEY `fk_EMPLOYEE_STATUS_HISTORY_Employee1_idx` (`EMPLOYEE_ID`),
  CONSTRAINT `fk_EMPLOYEE_STATUS_HISTORY_Employee1` FOREIGN KEY (`EMPLOYEE_ID`) REFERENCES `EMPLOYEE` (`EMPLOYEE_ID`) ON DELETE NO ACTION ON UPDATE NO ACTION,
  CONSTRAINT `fk_EMPLOYEE_STATUS_HISTORY_EMPLOYEE_STATUS1` FOREIGN KEY (`STATUS_CODE`) REFERENCES `EMPLOYEE_STATUS` (`STATUS_CODE`) ON DELETE NO ACTION ON UPDATE NO ACTION
) ENGINE=InnoDB DEFAULT CHARSET=utf8;

--
-- Dumping data for table `EMPLOYEE_STATUS_HISTORY`
--

/*!40000 ALTER TABLE `EMPLOYEE_STATUS_HISTORY` DISABLE KEYS */;
/*!40000 ALTER TABLE `EMPLOYEE_STATUS_HISTORY` ENABLE KEYS */;


--
-- Definition of table `EMPLOYEE_TRNSFERS`
--

DROP TABLE IF EXISTS `EMPLOYEE_TRNSFERS`;
CREATE TABLE `EMPLOYEE_TRNSFERS` (
  `TRANS_ID` int(11) NOT NULL auto_increment,
  `EMPLOYEE_ID` varchar(8) NOT NULL,
  `FROM_COMPANY_ID` varchar(4) NOT NULL,
  `FROM_DEPT_ID` varchar(7) NOT NULL,
  `FROM_DIVISION_ID` varchar(9) NOT NULL,
  `TO_COMPANY_ID` varchar(4) NOT NULL,
  `TO_DEPT_ID` varchar(7) NOT NULL,
  `TO_DIVISION_ID` varchar(9) NOT NULL,
  `START_DATE` date default NULL,
  `TRANSFER_TYPE` varchar(1) default NULL,
  `STATUS_CODE` varchar(1) default NULL,
  `REMARKS` varchar(45) default NULL,
  `ADDED_BY` varchar(8) default NULL,
  `ADDED_DATE` datetime default NULL,
  `MODIFIED_BY` varchar(8) default NULL,
  `MODIFIED_DATE` datetime default NULL,
  `FROM_BRANCH_ID` varchar(7) default NULL,
  `FROM_CC` varchar(10) default NULL,
  `FROM_PC` varchar(10) default NULL,
  `TO_CC` varchar(10) default NULL,
  `TO_PC` varchar(10) default NULL,
  `TO_BRANCH_ID` varchar(7) default NULL,
  PRIMARY KEY  (`TRANS_ID`),
  KEY `fk_EMPLOYEE_TRNSFERS_Employee1_idx` (`EMPLOYEE_ID`),
  KEY `fk_EMPLOYEE_TRNSFERS_Company1_idx` (`FROM_COMPANY_ID`),
  KEY `fk_EMPLOYEE_TRNSFERS_Department1_idx` (`FROM_DEPT_ID`),
  KEY `fk_EMPLOYEE_TRNSFERS_Division1_idx` (`FROM_DIVISION_ID`),
  KEY `fk_EMPLOYEE_TRANSFER_Branch1_idx` (`FROM_BRANCH_ID`),
  CONSTRAINT `fk_EMPLOYEE_TRANSFER_Branch1` FOREIGN KEY (`FROM_BRANCH_ID`) REFERENCES `COMPANY_BRANCH` (`BRANCH_ID`) ON DELETE NO ACTION ON UPDATE NO ACTION,
  CONSTRAINT `fk_EMPLOYEE_TRNSFERS_Company1` FOREIGN KEY (`FROM_COMPANY_ID`) REFERENCES `COMPANY` (`COMPANY_ID`) ON DELETE NO ACTION ON UPDATE NO ACTION,
  CONSTRAINT `fk_EMPLOYEE_TRNSFERS_Department1` FOREIGN KEY (`FROM_DEPT_ID`) REFERENCES `DEPARTMENT` (`DEPT_ID`) ON DELETE NO ACTION ON UPDATE NO ACTION,
  CONSTRAINT `fk_EMPLOYEE_TRNSFERS_Division1` FOREIGN KEY (`FROM_DIVISION_ID`) REFERENCES `DIVISION` (`DIVISION_ID`) ON DELETE NO ACTION ON UPDATE NO ACTION
) ENGINE=InnoDB DEFAULT CHARSET=utf8;

--
-- Dumping data for table `EMPLOYEE_TRNSFERS`
--

/*!40000 ALTER TABLE `EMPLOYEE_TRNSFERS` DISABLE KEYS */;
/*!40000 ALTER TABLE `EMPLOYEE_TRNSFERS` ENABLE KEYS */;


--
-- Definition of table `EMPLOYEE_TYPE`
--

DROP TABLE IF EXISTS `EMPLOYEE_TYPE`;
CREATE TABLE `EMPLOYEE_TYPE` (
  `EMP_TYPE_ID` varchar(10) NOT NULL,
  `TYPE_NAME` varchar(45) default NULL,
  `DESCRIPTION` varchar(45) default NULL,
  PRIMARY KEY  (`EMP_TYPE_ID`)
) ENGINE=InnoDB DEFAULT CHARSET=utf8;

--
-- Dumping data for table `EMPLOYEE_TYPE`
--

/*!40000 ALTER TABLE `EMPLOYEE_TYPE` DISABLE KEYS */;
INSERT INTO `EMPLOYEE_TYPE` (`EMP_TYPE_ID`,`TYPE_NAME`,`DESCRIPTION`) VALUES 
 ('TY00000001','CONTRACT BASIS','CONTRACT BASIS'),
 ('TY00000002','FREELANCE','FREELANCE'),
 ('TY00000003','PROBATION','PROBATION'),
 ('TY00000004','PERMANENT','PERMANENT'),
 ('TY00000005','TRAINEE','TRAINEE'),
 ('TY00000006','TRIAL','TRIAL');
/*!40000 ALTER TABLE `EMPLOYEE_TYPE` ENABLE KEYS */;


--
-- Definition of table `EMPLOYEE_WORKS_IN`
--

DROP TABLE IF EXISTS `EMPLOYEE_WORKS_IN`;
CREATE TABLE `EMPLOYEE_WORKS_IN` (
  `LINE_NO` int(11) NOT NULL auto_increment,
  `BRANCH_ID` varchar(7) NOT NULL,
  `EMPLOYEE_ID` varchar(8) NOT NULL,
  `DATE_START` date default NULL,
  `DATE_END` date default NULL,
  `REMARKS` varchar(45) default NULL,
  `STATUS_CODE` varchar(1) default NULL,
  `ADDED_BY` varchar(8) default NULL,
  `ADDED_DATE` date default NULL,
  `MODIFIED_BY` varchar(8) default NULL,
  `MODIFIED_DATE` date default NULL,
  PRIMARY KEY  (`LINE_NO`,`BRANCH_ID`,`EMPLOYEE_ID`),
  KEY `fk_EMPLOYEE_WORKS_IN_COMPANY_BRANCH1_idx` (`BRANCH_ID`),
  KEY `fk_EMPLOYEE_WORKS_IN_Employee1_idx` (`EMPLOYEE_ID`),
  CONSTRAINT `fk_EMPLOYEE_WORKS_IN_COMPANY_BRANCH1` FOREIGN KEY (`BRANCH_ID`) REFERENCES `COMPANY_BRANCH` (`BRANCH_ID`) ON DELETE NO ACTION ON UPDATE NO ACTION,
  CONSTRAINT `fk_EMPLOYEE_WORKS_IN_Employee1` FOREIGN KEY (`EMPLOYEE_ID`) REFERENCES `EMPLOYEE` (`EMPLOYEE_ID`) ON DELETE NO ACTION ON UPDATE NO ACTION
) ENGINE=InnoDB DEFAULT CHARSET=utf8;

--
-- Dumping data for table `EMPLOYEE_WORKS_IN`
--

/*!40000 ALTER TABLE `EMPLOYEE_WORKS_IN` DISABLE KEYS */;
/*!40000 ALTER TABLE `EMPLOYEE_WORKS_IN` ENABLE KEYS */;


--
-- Definition of table `HIGHER_EDUCATION`
--

DROP TABLE IF EXISTS `HIGHER_EDUCATION`;
CREATE TABLE `HIGHER_EDUCATION` (
  `LINE_NO` int(11) NOT NULL auto_increment,
  `EMPLOYEE_ID` varchar(8) NOT NULL,
  `INSTITUTE` varchar(100) default NULL,
  `PROGRAM` varchar(25) default NULL,
  `PROGRAME_NAME` varchar(45) default NULL,
  `DURATION` varchar(45) default NULL,
  `FROM_YEAR` varchar(5) default NULL,
  `TO_YEAR` varchar(5) default NULL,
  `GRADE` varchar(20) default NULL,
  `REMARKS` varchar(200) default NULL,
  `ADDED_BY` varchar(8) default NULL,
  `ADDED_DATE` datetime default NULL,
  `MODIFIED_BY` varchar(8) default NULL,
  `MODIFIED_DATE` timestamp NOT NULL default CURRENT_TIMESTAMP on update CURRENT_TIMESTAMP,
  `SECTOR` varchar(45) default NULL,
  `STATUS_CODE` varchar(1) default NULL,
  `VERIFIED_BY` varchar(8) default NULL,
  PRIMARY KEY  (`LINE_NO`,`EMPLOYEE_ID`),
  KEY `fk_HIGHER_EDUCATION_Employee1_idx` (`EMPLOYEE_ID`),
  KEY `fk_VERIFIED_BY_idx` (`VERIFIED_BY`),
  CONSTRAINT `fk_HIGHER_EDUCATION_Employee1` FOREIGN KEY (`EMPLOYEE_ID`) REFERENCES `EMPLOYEE` (`EMPLOYEE_ID`) ON DELETE NO ACTION ON UPDATE NO ACTION
) ENGINE=InnoDB DEFAULT CHARSET=utf8;

--
-- Dumping data for table `HIGHER_EDUCATION`
--

/*!40000 ALTER TABLE `HIGHER_EDUCATION` DISABLE KEYS */;
/*!40000 ALTER TABLE `HIGHER_EDUCATION` ENABLE KEYS */;


--
-- Definition of table `HRIS_ROLE`
--

DROP TABLE IF EXISTS `HRIS_ROLE`;
CREATE TABLE `HRIS_ROLE` (
  `ROLE_ID` varchar(8) NOT NULL,
  `ROLE_NAME` varchar(45) default NULL,
  `STATUS_CODE` varchar(1) default NULL,
  `ADDED_BY` varchar(10) default NULL,
  `ADDED_DATE` date default NULL,
  `MODIFIED_BY` varchar(10) default NULL,
  `MODIFIED_DATE` date default NULL,
  `IS_DEFAULT` varchar(1) NOT NULL,
  PRIMARY KEY  (`ROLE_ID`)
) ENGINE=InnoDB DEFAULT CHARSET=utf8;

--
-- Dumping data for table `HRIS_ROLE`
--

/*!40000 ALTER TABLE `HRIS_ROLE` DISABLE KEYS */;
INSERT INTO `HRIS_ROLE` (`ROLE_ID`,`ROLE_NAME`,`STATUS_CODE`,`ADDED_BY`,`ADDED_DATE`,`MODIFIED_BY`,`MODIFIED_DATE`,`IS_DEFAULT`) VALUES 
 ('UR000001','Administrator','1','ADMIN','2014-09-30',NULL,NULL,'0');
/*!40000 ALTER TABLE `HRIS_ROLE` ENABLE KEYS */;


--
-- Definition of table `HRIS_USER`
--

DROP TABLE IF EXISTS `HRIS_USER`;
CREATE TABLE `HRIS_USER` (
  `USER_ID` varchar(10) NOT NULL,
  `USER_PASSWORD` varchar(200) default NULL,
  `FIRST_NAME` varchar(45) default NULL,
  `LAST_NAME` varchar(45) default NULL,
  `STATUS_CODE` varchar(1) NOT NULL,
  `ADDED_BY` varchar(10) default NULL,
  `ADDED_DATE` date default NULL,
  `MODIFIED_BY` varchar(10) default NULL,
  `MODIFIED_DATE` date default NULL,
  `EMPLOYEE_ID` varchar(8) NOT NULL,
  `COMPANY_ID` varchar(4) NOT NULL,
  PRIMARY KEY  (`USER_ID`),
  KEY `fk_HRIS_USER_Employee1_idx` (`EMPLOYEE_ID`),
  CONSTRAINT `FK_HRIS_USER_1` FOREIGN KEY (`EMPLOYEE_ID`) REFERENCES `EMPLOYEE` (`EMPLOYEE_ID`)
) ENGINE=InnoDB DEFAULT CHARSET=utf8;

--
-- Dumping data for table `HRIS_USER`
--

/*!40000 ALTER TABLE `HRIS_USER` DISABLE KEYS */;
/*!40000 ALTER TABLE `HRIS_USER` ENABLE KEYS */;


--
-- Definition of table `HRIS_USER_ROLE`
--

DROP TABLE IF EXISTS `HRIS_USER_ROLE`;
CREATE TABLE `HRIS_USER_ROLE` (
  `LINE_NO` int(10) unsigned NOT NULL auto_increment,
  `USER_ID` varchar(10) NOT NULL,
  `ROLE_ID` varchar(8) NOT NULL,
  `DESCRIPTION` varchar(100) default NULL,
  `STATUS_CODE` varchar(1) NOT NULL,
  `ADDED_BY` varchar(10) default NULL,
  `ADDED_DATE` date default NULL,
  `MODIFIED_BY` varchar(10) default NULL,
  `MODIFIED_DATE` date default NULL,
  PRIMARY KEY  (`LINE_NO`,`USER_ID`,`ROLE_ID`),
  KEY `fk_HRIS_USER_ROLE_HRIS_ROLE1_idx` (`ROLE_ID`),
  KEY `fk_HRIS_USER_ROLE_HRIS_USER1` (`USER_ID`),
  CONSTRAINT `fk_HRIS_USER_ROLE_HRIS_ROLE1` FOREIGN KEY (`ROLE_ID`) REFERENCES `HRIS_ROLE` (`ROLE_ID`) ON DELETE NO ACTION ON UPDATE NO ACTION,
  CONSTRAINT `fk_HRIS_USER_ROLE_HRIS_USER1` FOREIGN KEY (`USER_ID`) REFERENCES `HRIS_USER` (`USER_ID`) ON DELETE NO ACTION ON UPDATE NO ACTION
) ENGINE=InnoDB DEFAULT CHARSET=utf8 ROW_FORMAT=DYNAMIC;

--
-- Dumping data for table `HRIS_USER_ROLE`
--

/*!40000 ALTER TABLE `HRIS_USER_ROLE` DISABLE KEYS */;
/*!40000 ALTER TABLE `HRIS_USER_ROLE` ENABLE KEYS */;


--
-- Definition of table `LEAVE_SCHEME`
--

DROP TABLE IF EXISTS `LEAVE_SCHEME`;
CREATE TABLE `LEAVE_SCHEME` (
  `LEAVE_SCHEME_ID` varchar(15) NOT NULL,
  `LEAVE_SCHEM_NAME` varchar(45) default NULL,
  `STATUS_CODE` varchar(1) default NULL,
  PRIMARY KEY  (`LEAVE_SCHEME_ID`)
) ENGINE=InnoDB DEFAULT CHARSET=utf8;

--
-- Dumping data for table `LEAVE_SCHEME`
--

/*!40000 ALTER TABLE `LEAVE_SCHEME` DISABLE KEYS */;
/*!40000 ALTER TABLE `LEAVE_SCHEME` ENABLE KEYS */;


--
-- Definition of table `LEAVE_SCHEME_ITEM`
--

DROP TABLE IF EXISTS `LEAVE_SCHEME_ITEM`;
CREATE TABLE `LEAVE_SCHEME_ITEM` (
  `LEAVE_SCHEME_ID` varchar(15) NOT NULL,
  `LEAVE_TYPE_ID` varchar(15) NOT NULL,
  `NUMBER_OF_DAYS` decimal(2,0) default NULL,
  `REMARKS` varchar(45) default NULL,
  PRIMARY KEY  (`LEAVE_SCHEME_ID`,`LEAVE_TYPE_ID`),
  KEY `fk_LEAVE_SHEME_ITEM_LEAVE_TYPE1_idx` (`LEAVE_TYPE_ID`),
  CONSTRAINT `fk_LEAVE_SHEME_ITEM_LEAVE_SCHEME1` FOREIGN KEY (`LEAVE_SCHEME_ID`) REFERENCES `LEAVE_SCHEME` (`LEAVE_SCHEME_ID`) ON DELETE NO ACTION ON UPDATE NO ACTION,
  CONSTRAINT `fk_LEAVE_SHEME_ITEM_LEAVE_TYPE1` FOREIGN KEY (`LEAVE_TYPE_ID`) REFERENCES `LEAVE_TYPE` (`LEAVE_TYPE_ID`) ON DELETE NO ACTION ON UPDATE NO ACTION
) ENGINE=InnoDB DEFAULT CHARSET=utf8;

--
-- Dumping data for table `LEAVE_SCHEME_ITEM`
--

/*!40000 ALTER TABLE `LEAVE_SCHEME_ITEM` DISABLE KEYS */;
/*!40000 ALTER TABLE `LEAVE_SCHEME_ITEM` ENABLE KEYS */;


--
-- Definition of table `LEAVE_SHEET`
--

DROP TABLE IF EXISTS `LEAVE_SHEET`;
CREATE TABLE `LEAVE_SHEET` (
  `LEAVE_SHEET_ID` varchar(15) NOT NULL,
  `EMPLOYEE_ID` varchar(8) default NULL,
  `FROM_DATE` date default NULL,
  `TO_DATE` date default NULL,
  `COVERED_BY` varchar(8) default NULL,
  `APPROVED_BY` varchar(8) default NULL,
  `NO_OF_DAYS` decimal(4,1) default NULL,
  `ADDED_BY` varchar(8) default NULL,
  `ADDED_DATE` datetime default NULL,
  `MODIFIED_BY` varchar(8) default NULL,
  `MODIFIED_DATE` timestamp NOT NULL default CURRENT_TIMESTAMP on update CURRENT_TIMESTAMP,
  `LEAVE_SCHEME_LINE_NO` int(11) default NULL,
  `REMARKS` varchar(150) default NULL,
  `RECOMMEND_BY` varchar(8) default NULL,
  `LEAVE_STATUS` varchar(1) default NULL,
  `APPROVED_DATE` timestamp NULL default NULL,
  PRIMARY KEY  (`LEAVE_SHEET_ID`),
  KEY `fk_LEAVE_SHEET_EMPLOYEE1_idx` (`EMPLOYEE_ID`),
  KEY `fk_LEAVE_SHEET_EMPLOYEE_LEAVE_SCHEME1_idx` (`LEAVE_SCHEME_LINE_NO`),
  CONSTRAINT `fk_LEAVE_SHEET_EMPLOYEE1` FOREIGN KEY (`EMPLOYEE_ID`) REFERENCES `EMPLOYEE` (`EMPLOYEE_ID`) ON DELETE NO ACTION ON UPDATE NO ACTION,
  CONSTRAINT `fk_LEAVE_SHEET_EMPLOYEE_LEAVE_SCHEME1` FOREIGN KEY (`LEAVE_SCHEME_LINE_NO`) REFERENCES `EMPLOYEE_LEAVE_SCHEME` (`LINE_NO`) ON DELETE NO ACTION ON UPDATE NO ACTION
) ENGINE=InnoDB DEFAULT CHARSET=utf8;

--
-- Dumping data for table `LEAVE_SHEET`
--

/*!40000 ALTER TABLE `LEAVE_SHEET` DISABLE KEYS */;
/*!40000 ALTER TABLE `LEAVE_SHEET` ENABLE KEYS */;


--
-- Definition of table `LEAVE_TYPE`
--

DROP TABLE IF EXISTS `LEAVE_TYPE`;
CREATE TABLE `LEAVE_TYPE` (
  `LEAVE_TYPE_ID` varchar(15) NOT NULL,
  `LEAVE_TYPE_NAME` varchar(45) default NULL,
  `STATUS_CODE` varchar(1) default NULL,
  `CATEGORY` varchar(1) NOT NULL,
  PRIMARY KEY  (`LEAVE_TYPE_ID`)
) ENGINE=InnoDB DEFAULT CHARSET=utf8;

--
-- Dumping data for table `LEAVE_TYPE`
--

/*!40000 ALTER TABLE `LEAVE_TYPE` DISABLE KEYS */;
INSERT INTO `LEAVE_TYPE` (`LEAVE_TYPE_ID`,`LEAVE_TYPE_NAME`,`STATUS_CODE`,`CATEGORY`) VALUES 
 ('ANNUAL','ANNUAL LEAVE','1','A'),
 ('CASUAL','CASUAL LEAVE','1','C'),
 ('DUTY','DUTY LEAVE','1','O'),
 ('LIEU','LIEU LEAVE','1','O'),
 ('MATINITY1','MATINITY LEAVE 1','1','O'),
 ('MATINITY2','MATINITY LEAVE 2','1','O'),
 ('MEDICAL','MEDICAL LEAVE','1','M'),
 ('NOPAY','NOPAY LEAVE','1','O'),
 ('SL','SHORT LEAVE','1','O'),
 ('STUDY','STUDY LEAVE','1','O');
/*!40000 ALTER TABLE `LEAVE_TYPE` ENABLE KEYS */;


--
-- Definition of table `MACHINE_LOCATION`
--

DROP TABLE IF EXISTS `MACHINE_LOCATION`;
CREATE TABLE `MACHINE_LOCATION` (
  `id` int(10) unsigned NOT NULL auto_increment,
  `COMPANY_ID` varchar(10) NOT NULL,
  `MACHINE_ID` varchar(45) NOT NULL,
  `LOCATION` varchar(150) default NULL,
  `BRAND_NAME` varchar(60) default NULL,
  `VENDOR_NAME` varchar(150) default NULL,
  `CONTACT_NO` varchar(45) default NULL,
  `IP_ADDRESS` varchar(20) character set utf8 collate utf8_bin default NULL,
  `STATUS_CODE` varchar(1) default '1',
  `ETIME` timestamp NOT NULL default CURRENT_TIMESTAMP on update CURRENT_TIMESTAMP,
  `ADDED_BY` varchar(8) default NULL,
  `ADDED_DATE` datetime default NULL,
  `MODIFIED_BY` varchar(8) default NULL,
  `MODIFIED_DATE` datetime default NULL,
  PRIMARY KEY  USING BTREE (`id`,`COMPANY_ID`,`MACHINE_ID`),
  KEY `insx_compny_machine` (`COMPANY_ID`,`MACHINE_ID`)
) ENGINE=InnoDB DEFAULT CHARSET=utf8;

--
-- Dumping data for table `MACHINE_LOCATION`
--

/*!40000 ALTER TABLE `MACHINE_LOCATION` DISABLE KEYS */;
/*!40000 ALTER TABLE `MACHINE_LOCATION` ENABLE KEYS */;


--
-- Definition of table `PREVIOUS_EMPLOYEMENT`
--

DROP TABLE IF EXISTS `PREVIOUS_EMPLOYEMENT`;
CREATE TABLE `PREVIOUS_EMPLOYEMENT` (
  `LINE_NO` int(11) NOT NULL auto_increment,
  `EMPLOYEE_ID` varchar(8) NOT NULL,
  `ORGANIZATION` varchar(100) default NULL,
  `ADDRESS` varchar(200) default NULL,
  `DESIGNATION` varchar(45) default NULL,
  `FROM_DATE` date default NULL,
  `TO_DATE` date default NULL,
  `REMARKS` varchar(45) default NULL,
  `ADDED_BY` varchar(8) default NULL,
  `ADDED_DATE` datetime default NULL,
  `MODIFIED_BY` varchar(8) default NULL,
  `MODIFIED_DATE` timestamp NOT NULL default CURRENT_TIMESTAMP on update CURRENT_TIMESTAMP,
  PRIMARY KEY  (`LINE_NO`,`EMPLOYEE_ID`),
  KEY `fk_PREVIOUS_EMPLOYEMENT_Employee1_idx` (`EMPLOYEE_ID`),
  CONSTRAINT `fk_PREVIOUS_EMPLOYEMENT_Employee1` FOREIGN KEY (`EMPLOYEE_ID`) REFERENCES `EMPLOYEE` (`EMPLOYEE_ID`) ON DELETE NO ACTION ON UPDATE NO ACTION
) ENGINE=InnoDB DEFAULT CHARSET=utf8;

--
-- Dumping data for table `PREVIOUS_EMPLOYEMENT`
--

/*!40000 ALTER TABLE `PREVIOUS_EMPLOYEMENT` DISABLE KEYS */;
/*!40000 ALTER TABLE `PREVIOUS_EMPLOYEMENT` ENABLE KEYS */;


--
-- Definition of table `PRIVILAGE_SCHEME`
--

DROP TABLE IF EXISTS `PRIVILAGE_SCHEME`;
CREATE TABLE `PRIVILAGE_SCHEME` (
  `SCHEME_ID` varchar(8) NOT NULL,
  `SCHEME_NAME` varchar(45) default NULL,
  `STATUS_CODE` varchar(1) NOT NULL,
  `ADDED_BY` varchar(8) default NULL,
  `ADDED_DATE` date default NULL,
  `MODIFIED_BY` varchar(8) default NULL,
  `MODIFIED_DATE` date default NULL,
  PRIMARY KEY  (`SCHEME_ID`)
) ENGINE=InnoDB DEFAULT CHARSET=utf8;

--
-- Dumping data for table `PRIVILAGE_SCHEME`
--

/*!40000 ALTER TABLE `PRIVILAGE_SCHEME` DISABLE KEYS */;
INSERT INTO `PRIVILAGE_SCHEME` (`SCHEME_ID`,`SCHEME_NAME`,`STATUS_CODE`,`ADDED_BY`,`ADDED_DATE`,`MODIFIED_BY`,`MODIFIED_DATE`) VALUES 
 ('MN000001','System Configuration','1','Admin','2014-05-16','AMAL88','2014-07-16'),
 ('MN000002','User Administration','1','Admin','2014-05-16',NULL,NULL),
 ('MN000003','Employee Management','1','Admin','2014-05-16','AMAL88','2014-07-16'),
 ('MN000004','Salary','1','Admin','2014-05-16',NULL,NULL),
 ('MN000005','Leave Management','1','Admin','2014-05-16',NULL,NULL),
 ('MN000006','Attendance Management','1','Admin','2014-05-16',NULL,NULL),
 ('MN000007','Roster Management','1','Admin','2014-05-16',NULL,NULL),
 ('MN000008','Reports','1','Admin','2014-05-16',NULL,NULL);
/*!40000 ALTER TABLE `PRIVILAGE_SCHEME` ENABLE KEYS */;


--
-- Definition of table `PRIVILAGE_SCHEME_LINE`
--

DROP TABLE IF EXISTS `PRIVILAGE_SCHEME_LINE`;
CREATE TABLE `PRIVILAGE_SCHEME_LINE` (
  `SCHEME_LINE_ID` varchar(8) NOT NULL,
  `SCHEME_ID` varchar(8) NOT NULL,
  `REDIRECT_URL` varchar(100) default NULL,
  `DESCRIPTION` varchar(45) default NULL,
  `ADDED_BY` varchar(10) default NULL,
  `ADDED_DATE` date default NULL,
  `MODIFIED_BY` varchar(10) default NULL,
  `MODIFIED_DATE` date default NULL,
  `SEQNO` varchar(2) NOT NULL,
  PRIMARY KEY  (`SCHEME_LINE_ID`,`SCHEME_ID`),
  KEY `fk_PRIVILAGE_SCHEME_LINE_PRIVILAGE_SCHEME1_idx` (`SCHEME_ID`),
  CONSTRAINT `fk_PRIVILAGE_SCHEME_LINE_PRIVILAGE_SCHEME1` FOREIGN KEY (`SCHEME_ID`) REFERENCES `PRIVILAGE_SCHEME` (`SCHEME_ID`) ON DELETE NO ACTION ON UPDATE NO ACTION
) ENGINE=InnoDB DEFAULT CHARSET=utf8;

--
-- Dumping data for table `PRIVILAGE_SCHEME_LINE`
--

/*!40000 ALTER TABLE `PRIVILAGE_SCHEME_LINE` DISABLE KEYS */;
INSERT INTO `PRIVILAGE_SCHEME_LINE` (`SCHEME_LINE_ID`,`SCHEME_ID`,`REDIRECT_URL`,`DESCRIPTION`,`ADDED_BY`,`ADDED_DATE`,`MODIFIED_BY`,`MODIFIED_DATE`,`SEQNO`) VALUES 
 ('SN000002','MN000001','~/MetaData/Bank/WebFrmBank.aspx','Bank Information','Admin','2014-05-16',NULL,NULL,'13'),
 ('SN000003','MN000001','~/MetaData/Leave/webFrmLeaveType.aspx','Leave Type','Admin','2014-05-16','AMAL88','2014-07-23','16'),
 ('SN000004','MN000001','~/MetaData/Salary/webFrmSalaryComponents.aspx','Salary Component','Admin','2014-05-16',NULL,NULL,'17'),
 ('SN000005','MN000002','~/Useradmin/Webfrmhrisusers.aspx','User','Admin','2014-05-16',NULL,NULL,'01'),
 ('SN000006','MN000002','~/Useradmin/Webfrmuserrole.aspx','Role','Admin','2014-05-16','AMAL88','2014-07-15','02'),
 ('SN000007','MN000002','~/Useradmin/Webfrmhrisuserrole.aspx','User Role','Admin','2014-05-16',NULL,NULL,'03'),
 ('SN000008','MN000002','~/Useradmin/Webfrmprivilscheme.aspx','Privileges','Admin','2014-05-16',NULL,NULL,'04'),
 ('SN000009','MN000002','~/Useradmin/Webfrmprivilsubscheme.aspx','Sub Privileges','Admin','2014-05-16',NULL,NULL,'05'),
 ('SN000010','MN000002','~/Useradmin/Webfrmpriviledges.aspx','Grant Privileges','Admin','2014-05-16',NULL,NULL,'06'),
 ('SN000011','MN000002','~/Useradmin/WebfrmPassReset.aspx','Password Resetting','Admin','2014-05-16',NULL,NULL,'07'),
 ('SN000012','MN000001','~/Employee/webFrmEmployeeDesignation.aspx','Employee Designation','Admin','2014-05-16',NULL,NULL,'11'),
 ('SN000013','MN000003','~/Employee/webFrmEmployee.aspx','Personal Information','Admin','2014-05-16',NULL,NULL,'01'),
 ('SN000014','MN000003','~/Employee/webFrmSecondaryEducation.aspx','Secondary Education','Admin','2014-05-16',NULL,NULL,'02'),
 ('SN000015','MN000003','~/Employee/webFrmHigherEducation.aspx','Higher Education','Admin','2014-05-16','AMAL88','2014-07-16','03'),
 ('SN000016','MN000003','~/Employee/webFrmPrevExperience.aspx','Previous Experience','Admin','2014-05-16','AMAL88','2014-07-21','04'),
 ('SN000017','MN000003','Redirect Url','Employee Search','Admin','2014-05-16',NULL,NULL,'09'),
 ('SN000018','MN000003','~/Employee/webFrmEmployeeTransfer.aspx','Employee Transfers','Admin','2014-05-16',NULL,NULL,'07'),
 ('SN000019','MN000003','~/Employee/webFrmEmployeeSecondment.aspx','Employee Secondments','Admin','2014-05-16',NULL,NULL,'08'),
 ('SN000020','MN000003','~/Employee/webFrmEmployeeBankAccount.aspx','Employee Bank Account','Admin','2014-05-16',NULL,NULL,'06'),
 ('SN000021','MN000005','~/EmployeeLeave/webFrmEmployeeLeaveScheme.aspx','Employee Leave Scheme','Admin','2014-05-16',NULL,NULL,'01'),
 ('SN000023','MN000006','~/Attendance/webFrmAttendanceUploading.aspx','Attendance Uploading','Admin','2014-05-16','AMAL88','2014-09-17','01'),
 ('SN000024','MN000006','~/Attendance/AttendanceSummary.aspx','Attendance Summarizing','Admin','2014-05-16','AMAL88','2014-07-16','02'),
 ('SN000025','MN000007','~/Roster/webFrmRoster.aspx','Rosters','Admin','2014-05-16',NULL,NULL,'01'),
 ('SN000026','MN000007','~/Roster/webFrmEmpRosterAssignment.aspx','Roster Assignment','Admin','2014-05-16','AMAL88','2014-07-25','02'),
 ('SN000027','MN000007','~/Roster/webFrmRosterInterchange.aspx','Roster Interchange','Admin','2014-05-16','AMAL88','2014-07-29','03'),
 ('SN000028','MN000008','Redirect Url','IN-OUT Configuration Report','Admin','2014-05-16',NULL,NULL,'03'),
 ('SN000029','MN000008','Redirect Url','Late Attendance Report','Admin','2014-05-16',NULL,NULL,'02'),
 ('SN000030','MN000004','~/Salary/webFrmSalary.aspx','Salary','Admin','2014-05-16',NULL,NULL,'01'),
 ('SN000031','MN000004','~/#','Salary Search','Admin','2014-05-16','AMAL88','2014-07-22','02'),
 ('SN000032','MN000001','~/MetaData/Company/WebfrmCompany.aspx','Company','Admin','2014-05-16',NULL,NULL,'01'),
 ('SN000033','MN000001','~/MetaData/Company/WebfrmDepartment.aspx','Department','Admin','2014-05-19',NULL,NULL,'05'),
 ('SN000042','MN000001','~/MetaData/Company/webFrmDivison.aspx','Division','Admin','2014-06-19',NULL,NULL,'06'),
 ('SN000043','MN000001','~/MetaData/Company/webFrmDivisionHead.aspx','Division Head','Admin','2014-06-30',NULL,NULL,'19'),
 ('SN000044','MN000001','~/MetaData/Company/WebfrmDepartmentHead.aspx','Department Head','Admin','2014-06-30','AMAL88','2014-07-16','18'),
 ('SN000045','MN000001','~/MetaData/Company/webFrmBranchService.aspx','Branch Service','Admin','2014-06-30',NULL,NULL,'07'),
 ('SN000046','MN000001','~/MetaData/Company/webFrmBranchManager.aspx','Branch Manager','Admin','2014-06-30',NULL,NULL,'20'),
 ('SN000047','MN000001','~/MetaData/Leave/webFrmLeaveScheme.aspx','Leave Scheme','Admin','2014-06-30',NULL,NULL,'15'),
 ('SN000057','MN000001','~/MetaData/Employee/WebFrmEmployeeStatus.aspx','Employee Status','AMAL88','2014-07-17',NULL,NULL,'12'),
 ('SN000058','MN000001','~/MetaData/Employee/WebFrmEmployeeType.aspx','Employee Type','AMAL88','2014-07-17',NULL,NULL,'10'),
 ('SN000059','MN000001','~/MetaData/Employee/WebFrmRole.aspx','Employee Role','AMAL88','2014-07-17',NULL,NULL,'09'),
 ('SN000060','MN000003','~/Employee/webFrmEducationVerification.aspx','Education Verification','AMAL88','2014-07-18',NULL,NULL,'05'),
 ('SN000061','MN000001','~/MetaData/Calendar/WebFrmCalendar.aspx','Company Calendar','AMAL88','2014-07-21',NULL,NULL,'03'),
 ('SN000062','MN000001','~/MetaData/Bank/WebFrmBankBranch.aspx','Bank Branch','AMAL88','2014-07-22',NULL,NULL,'14'),
 ('SN000065','MN000001','~/MetaData/Company/webFrmMachineLocation.aspx','Machine Locations','AMAL88','2014-07-29','AMAL88','2014-07-29','08'),
 ('SN000066','MN000005','~/EmployeeLeave/webFrmApproveLeaveSheet.aspx','Cover/Recommand Approval','AMAL88','2014-07-30','AMAL88','2014-09-09','03'),
 ('SN000068','MN000007','~/Roster/webFrmModifyRosterAssignments.aspx','View - Obsolete Rosters','AMAL88','2014-08-06','AMAL88','2014-09-12','04'),
 ('SN000069','MN000008','Redirect Url','Branch Reports','AMAL88','2014-08-15','AMAL88','2014-08-15','01'),
 ('SN000070','MN000005','~/EmployeeLeave/webFrmEmployeeLeaveSheet.aspx','Leave Sheet','AMAL88','2014-08-18',NULL,NULL,'02'),
 ('SN000071','MN000005','~/EmployeeLeave/webFrmLeaveSheetHRApproval.aspx','Leave Sheet Approval','AMAL88','2014-09-05',NULL,NULL,'04'),
 ('SN000072','MN000001','~/MetaData/Calendar/WebFrmHolidays.aspx','Holidays','AMAL88','2014-09-23',NULL,NULL,'02'),
 ('SN000073','MN000001','~/MetaData/Company/webFrmCompanyLocation.aspx','Company Location','AMAL88','2014-09-24',NULL,NULL,'04');
/*!40000 ALTER TABLE `PRIVILAGE_SCHEME_LINE` ENABLE KEYS */;


--
-- Definition of table `REASON`
--

DROP TABLE IF EXISTS `REASON`;
CREATE TABLE `REASON` (
  `REASON_CODE` varchar(1) NOT NULL,
  `DESCRIPTION` varchar(45) default NULL,
  PRIMARY KEY  (`REASON_CODE`)
) ENGINE=InnoDB DEFAULT CHARSET=utf8;

--
-- Dumping data for table `REASON`
--

/*!40000 ALTER TABLE `REASON` DISABLE KEYS */;
/*!40000 ALTER TABLE `REASON` ENABLE KEYS */;


--
-- Definition of table `ROLE_PRIVILAGE_SCHEME_LOG`
--

DROP TABLE IF EXISTS `ROLE_PRIVILAGE_SCHEME_LOG`;
CREATE TABLE `ROLE_PRIVILAGE_SCHEME_LOG` (
  `LINE_NO` int(10) unsigned NOT NULL auto_increment,
  `ROLE_ID` varchar(8) NOT NULL,
  `SCHEME_ID` varchar(8) NOT NULL,
  `SCHEME_LINE_ID` varchar(8) NOT NULL,
  `IS_ADDED` varchar(1) default NULL,
  `DESCRIPTION` varchar(45) default NULL,
  `ADDED_BY` varchar(10) default NULL,
  `ADDED_DATE` date default NULL,
  PRIMARY KEY  (`LINE_NO`),
  KEY `Index_ROLE_ID_SCHEME_ID` (`ROLE_ID`,`SCHEME_ID`),
  CONSTRAINT `FK_ROLE_PRIVILAGE_SCHEME_LOG__HRIS_ROLE` FOREIGN KEY (`ROLE_ID`) REFERENCES `HRIS_ROLE` (`ROLE_ID`)
) ENGINE=InnoDB AUTO_INCREMENT=52 DEFAULT CHARSET=utf8 ROW_FORMAT=DYNAMIC;

--
-- Dumping data for table `ROLE_PRIVILAGE_SCHEME_LOG`
--

/*!40000 ALTER TABLE `ROLE_PRIVILAGE_SCHEME_LOG` DISABLE KEYS */;
INSERT INTO `ROLE_PRIVILAGE_SCHEME_LOG` (`LINE_NO`,`ROLE_ID`,`SCHEME_ID`,`SCHEME_LINE_ID`,`IS_ADDED`,`DESCRIPTION`,`ADDED_BY`,`ADDED_DATE`) VALUES 
 (1,'UR000001','MN000001','SN000002','1',NULL,'ADMIN','2014-09-30'),
 (2,'UR000001','MN000001','SN000003','1',NULL,'ADMIN','2014-09-30'),
 (3,'UR000001','MN000001','SN000004','1',NULL,'ADMIN','2014-09-30'),
 (4,'UR000001','MN000001','SN000012','1',NULL,'ADMIN','2014-09-30'),
 (5,'UR000001','MN000001','SN000032','1',NULL,'ADMIN','2014-09-30'),
 (6,'UR000001','MN000001','SN000033','1',NULL,'ADMIN','2014-09-30'),
 (7,'UR000001','MN000001','SN000042','1',NULL,'ADMIN','2014-09-30'),
 (8,'UR000001','MN000001','SN000043','1',NULL,'ADMIN','2014-09-30'),
 (9,'UR000001','MN000001','SN000044','1',NULL,'ADMIN','2014-09-30'),
 (10,'UR000001','MN000001','SN000045','1',NULL,'ADMIN','2014-09-30'),
 (11,'UR000001','MN000001','SN000046','1',NULL,'ADMIN','2014-09-30'),
 (12,'UR000001','MN000001','SN000047','1',NULL,'ADMIN','2014-09-30'),
 (13,'UR000001','MN000001','SN000057','1',NULL,'ADMIN','2014-09-30'),
 (14,'UR000001','MN000001','SN000058','1',NULL,'ADMIN','2014-09-30'),
 (15,'UR000001','MN000001','SN000059','1',NULL,'ADMIN','2014-09-30'),
 (16,'UR000001','MN000001','SN000061','1',NULL,'ADMIN','2014-09-30'),
 (17,'UR000001','MN000001','SN000062','1',NULL,'ADMIN','2014-09-30'),
 (18,'UR000001','MN000001','SN000065','1',NULL,'ADMIN','2014-09-30'),
 (19,'UR000001','MN000001','SN000072','1',NULL,'ADMIN','2014-09-30'),
 (20,'UR000001','MN000001','SN000073','1',NULL,'ADMIN','2014-09-30'),
 (21,'UR000001','MN000002','SN000005','1',NULL,'ADMIN','2014-09-30'),
 (22,'UR000001','MN000002','SN000006','1',NULL,'ADMIN','2014-09-30'),
 (23,'UR000001','MN000002','SN000007','1',NULL,'ADMIN','2014-09-30'),
 (24,'UR000001','MN000002','SN000008','1',NULL,'ADMIN','2014-09-30'),
 (25,'UR000001','MN000002','SN000009','1',NULL,'ADMIN','2014-09-30'),
 (26,'UR000001','MN000002','SN000010','1',NULL,'ADMIN','2014-09-30'),
 (27,'UR000001','MN000002','SN000011','1',NULL,'ADMIN','2014-09-30'),
 (28,'UR000001','MN000003','SN000013','1',NULL,'ADMIN','2014-09-30'),
 (29,'UR000001','MN000003','SN000014','1',NULL,'ADMIN','2014-09-30'),
 (30,'UR000001','MN000003','SN000015','1',NULL,'ADMIN','2014-09-30'),
 (31,'UR000001','MN000003','SN000016','1',NULL,'ADMIN','2014-09-30'),
 (32,'UR000001','MN000003','SN000017','1',NULL,'ADMIN','2014-09-30'),
 (33,'UR000001','MN000003','SN000018','1',NULL,'ADMIN','2014-09-30'),
 (34,'UR000001','MN000003','SN000019','1',NULL,'ADMIN','2014-09-30'),
 (35,'UR000001','MN000003','SN000020','1',NULL,'ADMIN','2014-09-30'),
 (36,'UR000001','MN000003','SN000060','1',NULL,'ADMIN','2014-09-30'),
 (37,'UR000001','MN000004','SN000030','1',NULL,'ADMIN','2014-09-30'),
 (38,'UR000001','MN000004','SN000031','1',NULL,'ADMIN','2014-09-30'),
 (39,'UR000001','MN000005','SN000021','1',NULL,'ADMIN','2014-09-30'),
 (40,'UR000001','MN000005','SN000066','1',NULL,'ADMIN','2014-09-30'),
 (41,'UR000001','MN000005','SN000070','1',NULL,'ADMIN','2014-09-30'),
 (42,'UR000001','MN000005','SN000071','1',NULL,'ADMIN','2014-09-30'),
 (43,'UR000001','MN000006','SN000023','1',NULL,'ADMIN','2014-09-30'),
 (44,'UR000001','MN000006','SN000024','1',NULL,'ADMIN','2014-09-30'),
 (45,'UR000001','MN000007','SN000025','1',NULL,'ADMIN','2014-09-30'),
 (46,'UR000001','MN000007','SN000026','1',NULL,'ADMIN','2014-09-30'),
 (47,'UR000001','MN000007','SN000027','1',NULL,'ADMIN','2014-09-30'),
 (48,'UR000001','MN000007','SN000068','1',NULL,'ADMIN','2014-09-30'),
 (49,'UR000001','MN000008','SN000028','1',NULL,'ADMIN','2014-09-30'),
 (50,'UR000001','MN000008','SN000029','1',NULL,'ADMIN','2014-09-30'),
 (51,'UR000001','MN000008','SN000069','1',NULL,'ADMIN','2014-09-30');
/*!40000 ALTER TABLE `ROLE_PRIVILAGE_SCHEME_LOG` ENABLE KEYS */;


--
-- Definition of table `ROSTER`
--

DROP TABLE IF EXISTS `ROSTER`;
CREATE TABLE `ROSTER` (
  `ROSTR_ID` varchar(10) NOT NULL,
  `FROM_TIME` varchar(5) default NULL,
  `TO_TIME` varchar(5) default NULL,
  `STATUS_CODE` varchar(1) default NULL,
  `FLEXIBLE_TIME` varchar(5) default NULL,
  `ROSTER_TYPE` varchar(1) NOT NULL,
  `COMPANY_ID` varchar(4) NOT NULL,
  `ADDED_BY` varchar(8) default NULL,
  `ADDED_DATE` datetime default NULL,
  `MODIFIED_BY` varchar(8) default NULL,
  `MODIFIED_DATE` datetime default NULL,
  `NUM_DAYS` decimal(2,1) default NULL,
  PRIMARY KEY  (`ROSTR_ID`),
  KEY `fk_ROSTER_Roster_Types1_idx` (`ROSTER_TYPE`),
  KEY `fk_ROSTER_Company1_idx` (`COMPANY_ID`),
  CONSTRAINT `fk_ROSTER_Company1` FOREIGN KEY (`COMPANY_ID`) REFERENCES `COMPANY` (`COMPANY_ID`) ON DELETE NO ACTION ON UPDATE NO ACTION,
  CONSTRAINT `fk_ROSTER_Roster_Types1` FOREIGN KEY (`ROSTER_TYPE`) REFERENCES `ROSTER_TYPES` (`ROSTER_TYPE`) ON DELETE NO ACTION ON UPDATE NO ACTION
) ENGINE=InnoDB DEFAULT CHARSET=utf8;

--
-- Dumping data for table `ROSTER`
--

/*!40000 ALTER TABLE `ROSTER` DISABLE KEYS */;
/*!40000 ALTER TABLE `ROSTER` ENABLE KEYS */;


--
-- Definition of table `ROSTER_TYPES`
--

DROP TABLE IF EXISTS `ROSTER_TYPES`;
CREATE TABLE `ROSTER_TYPES` (
  `ROSTER_TYPE` varchar(1) NOT NULL,
  `DESCRIPTION` varchar(45) default NULL,
  PRIMARY KEY  (`ROSTER_TYPE`)
) ENGINE=InnoDB DEFAULT CHARSET=utf8;

--
-- Dumping data for table `ROSTER_TYPES`
--

/*!40000 ALTER TABLE `ROSTER_TYPES` DISABLE KEYS */;
INSERT INTO `ROSTER_TYPES` (`ROSTER_TYPE`,`DESCRIPTION`) VALUES 
 ('1','REGULAR'),
 ('2','OVER_NIGHT');
/*!40000 ALTER TABLE `ROSTER_TYPES` ENABLE KEYS */;


--
-- Definition of table `SALARY`
--

DROP TABLE IF EXISTS `SALARY`;
CREATE TABLE `SALARY` (
  `SALARY_ID` varchar(8) NOT NULL,
  `EMPLOYEE_ID` varchar(8) NOT NULL,
  `BASIC_AMOUNT` decimal(10,2) default NULL,
  `BUDGETARY_ALLOWANCE_AMOUNT` decimal(10,2) default NULL,
  `OTHER_AMOUNT` decimal(10,2) default NULL,
  `IS_OT_APPLICABLE` varchar(1) default NULL,
  `REMARKS` varchar(150) default NULL,
  `STATUS_CODE` varchar(1) default NULL,
  `ADDED_BY` varchar(8) default NULL,
  `ADDED_DATE` timestamp NULL default NULL,
  `MODIFIED_BY` varchar(8) default NULL,
  `MODIFIED_DATE` timestamp NOT NULL default CURRENT_TIMESTAMP on update CURRENT_TIMESTAMP,
  PRIMARY KEY  (`SALARY_ID`),
  KEY `fk_SALARY_EMPLOYEE1_idx` (`EMPLOYEE_ID`),
  CONSTRAINT `fk_SALARY_EMPLOYEE1` FOREIGN KEY (`EMPLOYEE_ID`) REFERENCES `EMPLOYEE` (`EMPLOYEE_ID`) ON DELETE NO ACTION ON UPDATE NO ACTION
) ENGINE=InnoDB DEFAULT CHARSET=utf8;

--
-- Dumping data for table `SALARY`
--

/*!40000 ALTER TABLE `SALARY` DISABLE KEYS */;
/*!40000 ALTER TABLE `SALARY` ENABLE KEYS */;


--
-- Definition of table `SALARY_COMPONENTS`
--

DROP TABLE IF EXISTS `SALARY_COMPONENTS`;
CREATE TABLE `SALARY_COMPONENTS` (
  `COMPONENT_ID` varchar(5) NOT NULL,
  `COMPONENT_NAME` varchar(45) default NULL,
  `STATUS_CODE` varchar(1) default NULL,
  `ADDED_BY` varchar(8) default NULL,
  `ADDED_DATE` datetime default NULL,
  `MODIFIED_BY` varchar(8) default NULL,
  `MODIFIED_DATE` timestamp NOT NULL default CURRENT_TIMESTAMP on update CURRENT_TIMESTAMP,
  `REMARKS` varchar(100) default NULL,
  PRIMARY KEY  (`COMPONENT_ID`)
) ENGINE=InnoDB DEFAULT CHARSET=utf8;

--
-- Dumping data for table `SALARY_COMPONENTS`
--

/*!40000 ALTER TABLE `SALARY_COMPONENTS` DISABLE KEYS */;
/*!40000 ALTER TABLE `SALARY_COMPONENTS` ENABLE KEYS */;


--
-- Definition of table `SALARY_DETAIL`
--

DROP TABLE IF EXISTS `SALARY_DETAIL`;
CREATE TABLE `SALARY_DETAIL` (
  `SALARY_ID` varchar(8) NOT NULL,
  `COMPONENT_ID` varchar(5) NOT NULL,
  `AMOUNT` decimal(10,2) default NULL,
  `STATUS_CODE` varchar(1) default NULL,
  `ADDED_BY` varchar(8) default NULL,
  `ADDED_DATE` timestamp NULL default NULL,
  `MODIFIED_BY` varchar(8) default NULL,
  `MODIFIED_DATE` timestamp NULL default NULL,
  PRIMARY KEY  (`SALARY_ID`,`COMPONENT_ID`),
  KEY `fk_SALARY_DETAIL_SALARY_COMPONENTS1_idx` (`COMPONENT_ID`),
  CONSTRAINT `fk_SALARY_DETAIL_SALARY1` FOREIGN KEY (`SALARY_ID`) REFERENCES `SALARY` (`SALARY_ID`) ON DELETE NO ACTION ON UPDATE NO ACTION,
  CONSTRAINT `fk_SALARY_DETAIL_SALARY_COMPONENTS1` FOREIGN KEY (`COMPONENT_ID`) REFERENCES `SALARY_COMPONENTS` (`COMPONENT_ID`) ON DELETE NO ACTION ON UPDATE NO ACTION
) ENGINE=InnoDB DEFAULT CHARSET=utf8;

--
-- Dumping data for table `SALARY_DETAIL`
--

/*!40000 ALTER TABLE `SALARY_DETAIL` DISABLE KEYS */;
/*!40000 ALTER TABLE `SALARY_DETAIL` ENABLE KEYS */;


--
-- Definition of table `SALARY_JOURNAL`
--

DROP TABLE IF EXISTS `SALARY_JOURNAL`;
CREATE TABLE `SALARY_JOURNAL` (
  `SALARY_ID` varchar(8) NOT NULL,
  `EMPLOYEE_ID` varchar(8) NOT NULL,
  `BASIC_AMOUNT` decimal(10,2) default NULL,
  `OTHER_AMOUNT` decimal(10,2) default NULL,
  `IS_OT_APPLICABLE` varchar(1) default NULL,
  `REMARKS` varchar(150) default NULL,
  `STATUS_CODE` varchar(1) default NULL,
  `ADDED_BY` varchar(8) default NULL,
  `ADDED_DATE` datetime default NULL,
  `MODIFIED_BY` varchar(8) default NULL,
  `MODIFIED_DATE` timestamp NOT NULL default CURRENT_TIMESTAMP on update CURRENT_TIMESTAMP,
  PRIMARY KEY  (`SALARY_ID`)
) ENGINE=InnoDB DEFAULT CHARSET=utf8;

--
-- Dumping data for table `SALARY_JOURNAL`
--

/*!40000 ALTER TABLE `SALARY_JOURNAL` DISABLE KEYS */;
/*!40000 ALTER TABLE `SALARY_JOURNAL` ENABLE KEYS */;


--
-- Definition of table `SECONDARY_EDUCATION`
--

DROP TABLE IF EXISTS `SECONDARY_EDUCATION`;
CREATE TABLE `SECONDARY_EDUCATION` (
  `LINE_NO` int(11) NOT NULL auto_increment,
  `EMPLOYEE_ID` varchar(8) NOT NULL,
  `SUBJECT_NAME` varchar(45) default NULL,
  `GRADE` varchar(2) default NULL,
  `IS_AL` varchar(1) default NULL,
  `ADDED_BY` varchar(8) default NULL,
  `ADDED_DATE` datetime default NULL,
  `MODIFIED_BY` varchar(8) default NULL,
  `MODIFIED_DATE` datetime default NULL,
  `ATTEMPT` varchar(1) default NULL,
  `ATTEMPTED_YEAR` varchar(4) default NULL,
  `SCHOOL` varchar(100) default NULL,
  `STATUS_CODE` varchar(1) default NULL,
  `VERIFIED_BY` varchar(8) default NULL,
  PRIMARY KEY  (`LINE_NO`,`EMPLOYEE_ID`),
  KEY `fk_SECONDARY_EDUCATION_Employee1_idx` (`EMPLOYEE_ID`),
  CONSTRAINT `fk_SECONDARY_EDUCATION_Employee1` FOREIGN KEY (`EMPLOYEE_ID`) REFERENCES `EMPLOYEE` (`EMPLOYEE_ID`) ON DELETE NO ACTION ON UPDATE NO ACTION
) ENGINE=InnoDB DEFAULT CHARSET=utf8;

--
-- Dumping data for table `SECONDARY_EDUCATION`
--

/*!40000 ALTER TABLE `SECONDARY_EDUCATION` DISABLE KEYS */;
/*!40000 ALTER TABLE `SECONDARY_EDUCATION` ENABLE KEYS */;


--
-- Definition of table `SERIAL`
--

DROP TABLE IF EXISTS `SERIAL`;
CREATE TABLE `SERIAL` (
  `idno` int(10) unsigned NOT NULL auto_increment,
  `scode` varchar(3) character set latin1 default NULL,
  `strno` varchar(8) character set latin1 default NULL,
  `mlength` varchar(4) character set latin1 default NULL,
  `initcode` varchar(3) character set latin1 default NULL,
  `remark` varchar(50) default NULL,
  PRIMARY KEY  (`idno`),
  KEY `Index_Scode` (`scode`)
) ENGINE=MyISAM AUTO_INCREMENT=24 DEFAULT CHARSET=utf8;

--
-- Dumping data for table `SERIAL`
--

/*!40000 ALTER TABLE `SERIAL` DISABLE KEYS */;
INSERT INTO `SERIAL` (`idno`,`scode`,`strno`,`mlength`,`initcode`,`remark`) VALUES 
 (1,'MN','43','6','MN','Main Nodes '),
 (2,'SN','74','6','SN','Sub Nodes'),
 (3,'URO','2','6','UR','User Roles'),
 (4,'HRU','1','6','HR',NULL),
 (5,'EP','1','6','EP','Employees Codes'),
 (6,'CMP','1','2','CP','Company Code'),
 (7,'DEP','1','5','DP','Department'),
 (8,'DIV','1','7','DV','Division Code'),
 (9,'DE','1','6','DE','Designation Code'),
 (10,'LIN','1','5','LN','Line No'),
 (11,'EP','1','6','EP','Employee Number'),
 (12,'BRC','1','5','BR','Branch Code'),
 (13,'LVT','1','10','LT','Leave Type'),
 (16,'RO','1','8','RO','Roster Code'),
 (14,'LVS','1','13','LS','Leave Scheme'),
 (15,'SAC','1','3','SC','Salary Component'),
 (17,'TY','1','8','TY','Employee Type'),
 (18,'RD','1','8','RD','Employee Role'),
 (19,'SID','1','6','SD','Salary ID'),
 (20,'S','1','3','S','Employee Status ID'),
 (21,'IN','1','6','IN','Roster Interchange'),
 (22,'LSN','1','12','LSN','Leave Sheet'),
 (23,'CL','1','6','CL','Company Location');
/*!40000 ALTER TABLE `SERIAL` ENABLE KEYS */;


--
-- Definition of table `USER_LOGIN_LOG`
--

DROP TABLE IF EXISTS `USER_LOGIN_LOG`;
CREATE TABLE `USER_LOGIN_LOG` (
  `LINE_NO` varchar(10) NOT NULL,
  `USER_ID` varchar(10) NOT NULL,
  `IP` varchar(20) default NULL,
  `MACHINE` varchar(45) default NULL,
  `ACCESS_TIME` datetime default NULL,
  `DIRECTION` varchar(45) default NULL,
  PRIMARY KEY  (`LINE_NO`,`USER_ID`),
  KEY `fk_USER_LOGIN_LOG_HRIS_USER1_idx` (`USER_ID`),
  CONSTRAINT `fk_USER_LOGIN_LOG_HRIS_USER1` FOREIGN KEY (`USER_ID`) REFERENCES `HRIS_USER` (`USER_ID`) ON DELETE NO ACTION ON UPDATE NO ACTION
) ENGINE=InnoDB DEFAULT CHARSET=utf8;

--
-- Dumping data for table `USER_LOGIN_LOG`
--

/*!40000 ALTER TABLE `USER_LOGIN_LOG` DISABLE KEYS */;
/*!40000 ALTER TABLE `USER_LOGIN_LOG` ENABLE KEYS */;


--
-- Definition of view `v_employee_search`
--

DROP TABLE IF EXISTS `v_employee_search`;
DROP VIEW IF EXISTS `v_employee_search`;
CREATE ALGORITHM=UNDEFINED DEFINER=`hrisadmin`@`%` SQL SECURITY DEFINER VIEW `v_employee_search` AS (select `e`.`EMPLOYEE_ID` AS `EMPLOYEE_ID`,`e`.`EPF_NO` AS `EPF_NO`,`e`.`TITLE` AS `TITLE`,`e`.`KNOWN_NAME` AS `KNOWN_NAME`,`e`.`EMP_NIC` AS `EMP_NIC`,`e`.`EMPLOYEE_STATUS` AS `EMPLOYEE_STATUS`,`es`.`DESCRIPTION` AS `DESCRIPTION`,`c`.`COMPANY_ID` AS `COMPANY_ID`,`c`.`COMP_NAME` AS `COMP_NAME`,`dp`.`DEPT_ID` AS `DEPT_ID`,`dp`.`DEPT_NAME` AS `DEPT_NAME`,`dv`.`DIVISION_ID` AS `DIVISION_ID`,`dv`.`DIV_NAME` AS `DIV_NAME`,`e`.`BRANCH_ID` AS `BRANCH_ID`,`br`.`BRANCH_NAME` AS `BRANCH_NAME`,`e`.`COST_CENTER` AS `COST_CENTER`,`e`.`PROFIT_CENTER` AS `PROFIT_CENTER` from ((((`COMPANY` `c` join `DEPARTMENT` `dp`) join `DIVISION` `dv`) join `EMPLOYEE_STATUS` `es`) join (`EMPLOYEE` `e` left join `COMPANY_BRANCH` `br` on((`e`.`BRANCH_ID` = `br`.`BRANCH_ID`)))) where ((`e`.`COMPANY_ID` = `c`.`COMPANY_ID`) and (`e`.`DEPT_ID` = `dp`.`DEPT_ID`) and (`e`.`DIVISION_ID` = `dv`.`DIVISION_ID`) and (`e`.`EMPLOYEE_STATUS` = `es`.`STATUS_CODE`)) order by `e`.`KNOWN_NAME`);



/*!40101 SET SQL_MODE=@OLD_SQL_MODE */;
/*!40014 SET FOREIGN_KEY_CHECKS=@OLD_FOREIGN_KEY_CHECKS */;
/*!40014 SET UNIQUE_CHECKS=@OLD_UNIQUE_CHECKS */;
/*!40101 SET CHARACTER_SET_CLIENT=@OLD_CHARACTER_SET_CLIENT */;
/*!40101 SET CHARACTER_SET_RESULTS=@OLD_CHARACTER_SET_RESULTS */;
/*!40101 SET COLLATION_CONNECTION=@OLD_COLLATION_CONNECTION */;
/*!40101 SET CHARACTER_SET_CLIENT=@OLD_CHARACTER_SET_CLIENT */;
